Date,Close Price,WAP,No.of Shares,No. of Trades,Deliverable Quantity,Change,%Change,VOLATILITY,ANNUALIZED VOLATILITY,Notes,Moving average,Count
01-Jan-16,227.65,226.8492571,1116988,8587,223551,,,,,,,
04-Jan-16,220.95,222.7682578,1712144,17606,645428,-0.029431144,-2.94311443,,,,,
05-Jan-16,218.25,219.7587889,1967198,24503,568512,-0.012219959,-1.221995927,,,,,
06-Jan-16,217,218.0058954,1495570,13802,377208,-0.005727377,-0.572737686,,,,,
07-Jan-16,209.55,210.8899948,2310928,21868,800334,-0.034331797,-3.433179724,,,,,
08-Jan-16,208.95,210.117761,1498892,15400,513094,-0.002863278,-0.286327845,,,,,
11-Jan-16,204.3,204.6885976,2215131,19032,647798,-0.022254128,-2.225412778,,,,,
12-Jan-16,199.85,201.4559361,2294892,24073,798744,-0.021781694,-2.178169359,,,,,
13-Jan-16,200.95,198.8087264,2839483,23714,685973,0.005504128,0.55041281,,,,,
14-Jan-16,195.8,197.4292229,2100876,22877,478259,-0.025628266,-2.562826574,,,,,
15-Jan-16,184.75,190.100908,3289601,36005,1163483,-0.056435138,-5.64351379,,,,,
18-Jan-16,181.1,183.480786,3987880,34244,1333826,-0.019756428,-1.97564276,,,,,
19-Jan-16,183.1,184.1030783,2348244,20983,547796,0.011043622,1.104362231,,,,,
20-Jan-16,173.7,175.2104122,3560531,34175,1334237,-0.051338067,-5.133806663,,,,,
21-Jan-16,175.85,175.5789458,3304691,30843,679546,0.012377663,1.237766264,,,,,
22-Jan-16,184.3,182.5161058,2513103,23707,645353,0.048052317,4.805231732,,,,,
25-Jan-16,182.9,185.3112702,1700105,15951,564171,-0.00759631,-0.759631036,,,,,
27-Jan-16,184.3,183.8551501,2380658,19803,868117,0.007654456,0.765445599,,,,,
28-Jan-16,185.35,184.4030605,1244585,11543,336757,0.005697233,0.569723277,,,,,
29-Jan-16,179.95,180.6231143,2795659,22178,698753,-0.029134071,-2.913407068,,,,,
01-Feb-16,172.9,175.5435109,2805484,27377,1027347,-0.039177549,-3.917754932,,,,,
02-Feb-16,169.45,172.6235409,3963363,40891,779333,-0.01995373,-1.995373048,,,,,
03-Feb-16,166.05,165.811245,3399078,29317,923704,-0.020064916,-2.00649159,,,,,
04-Feb-16,163.05,164.8566302,2595289,24702,635208,-0.018066847,-1.806684734,,,,,
05-Feb-16,168.2,166.1274773,2475508,19875,755217,0.031585403,3.158540325,,,,,
08-Feb-16,172.05,173.6925983,2909278,26124,563930,0.022889417,2.288941736,,,,,
09-Feb-16,167,168.7878457,2672324,20775,450010,-0.029351933,-2.935193258,,,,,
10-Feb-16,158.95,161.7414306,3674507,31781,1036655,-0.048203593,-4.820359281,,,,,
11-Feb-16,154.2,159.3619563,9834525,79190,1513740,-0.029883611,-2.98836112,,,,,
12-Feb-16,154.95,152.3394511,5166258,44179,1003843,0.004863813,0.486381323,,,,,
15-Feb-16,167.25,165.0973561,4511775,37935,887694,0.079380445,7.93804453,,,,,
16-Feb-16,156.4,162.0227787,5059940,36571,981010,-0.064872945,-6.487294469,,,,,
17-Feb-16,159.15,156.1485998,4317886,36829,410997,0.01758312,1.75831202,,,,,
18-Feb-16,159.55,159.9230236,3245708,23442,517185,0.002513352,0.251335218,,,,,
19-Feb-16,164.65,163.014979,2675819,21683,551654,0.031964901,3.196490128,,,,,
22-Feb-16,164.95,165.1522905,1732629,16806,345664,0.001822047,0.182204677,,,,,
23-Feb-16,158.45,159.935683,3359454,20537,1649121,-0.039405881,-3.940588057,,,,,
24-Feb-16,156.7,158.2933708,2612373,21804,369117,-0.011044494,-1.104449353,,,,,
25-Feb-16,151.9,154.0912268,2781627,26020,890329,-0.03063178,-3.063178047,,,,,
26-Feb-16,156.25,155.7631671,2664596,24691,519720,0.028637261,2.863726136,,,,,
29-Feb-16,158.4,159.046286,9080674,72156,1021441,0.01376,1.376,,,,,
01-Mar-16,162.2,161.1766347,2941008,27580,527295,0.023989899,2.398989899,,,,,
02-Mar-16,180.85,177.8135113,7051639,58218,1623913,0.114981504,11.49815043,,,,,
03-Mar-16,182.5,181.3507991,3884782,32534,531084,0.009123583,0.912358308,,,,,
04-Mar-16,188.4,185.1478315,4418205,36358,663256,0.032328767,3.232876712,,,,,
08-Mar-16,183.65,184.2446656,3064239,32605,582672,-0.025212314,-2.521231423,,,,,
09-Mar-16,183.45,181.6449939,2757274,20896,353245,-0.001089028,-0.108902804,,,,,
10-Mar-16,180.65,181.6252031,2264920,15888,390656,-0.015263014,-1.526301445,,,,,
11-Mar-16,180.35,180.382986,2656995,18971,403859,-0.00166067,-0.16606698,,,,,
14-Mar-16,181.9,181.8855223,1627470,12206,354007,0.0085944,0.859439978,,,,,
15-Mar-16,185.25,184.6388843,2106123,16233,514301,0.018416712,1.841671248,,,,,
16-Mar-16,185.1,184.075155,1853901,14000,260725,-0.000809717,-0.08097166,,,,,
17-Mar-16,186.15,187.5999568,2004636,20417,404867,0.005672609,0.56726094,,,,,
18-Mar-16,191.05,188.9771227,2161579,18273,535896,0.026322858,2.632285791,,,,,
21-Mar-16,196.65,195.3276745,1890663,20604,489497,0.029311699,2.931169851,,,,,
22-Mar-16,197.4,196.410203,1983301,16043,332781,0.003813883,0.381388253,,,,,
23-Mar-16,196.8,196.4895841,1151510,10647,178767,-0.003039514,-0.303951368,,,,,
28-Mar-16,188.45,192.1396835,2165388,18824,671045,-0.042428862,-4.242886179,,,,,
29-Mar-16,189.5,189.5860037,1639587,13455,299903,0.00557177,0.55717697,,,,,
30-Mar-16,197.55,194.8584559,2149916,18022,467936,0.042480211,4.248021108,,,,,
31-Mar-16,194.3,195.9558685,2515892,24894,443053,-0.016451531,-1.645153126,,,,,
01-Apr-16,195.7,194.9638105,2072396,18337,295360,0.007205353,0.720535255,,,,,
04-Apr-16,195,195.1830292,1632477,14394,384521,-0.003576903,-0.357690342,,,,,
05-Apr-16,184.5,189.2306774,4328825,42377,1302158,-0.053846154,-5.384615385,,,,,
06-Apr-16,183.95,184.0999709,1778378,17536,337447,-0.00298103,-0.298102981,,,,,
07-Apr-16,182.1,183.2759292,1857411,18432,261610,-0.010057081,-1.005708073,,,,,
08-Apr-16,183.1,182.6621027,1546393,13944,294719,0.005491488,0.549148819,,,,,
11-Apr-16,188.15,185.4021392,2004726,16964,497665,0.027580557,2.758055707,,,,,
12-Apr-16,187.7,188.2868703,1402477,12390,225081,-0.002391709,-0.239170874,,,,,
13-Apr-16,191.75,192.1547769,1890928,16320,518348,0.021576985,2.157698455,,,,,
18-Apr-16,186.85,187.4566597,1276445,12911,379273,-0.025554107,-2.555410691,,,,,
20-Apr-16,187.3,186.6356961,1965713,19781,358032,0.002408349,0.240834894,,,,,
21-Apr-16,194.2,194.7799869,3115164,24971,729686,0.036839295,3.683929525,,,,,
22-Apr-16,199.9,198.5448289,4435130,33782,917135,0.029351184,2.935118435,,,,,
25-Apr-16,197.3,199.4815175,2266852,18743,412069,-0.013006503,-1.300650325,,,,,
26-Apr-16,200.85,198.7614535,2179231,20559,340926,0.017992904,1.799290421,,,,,
27-Apr-16,196.5,198.0231749,1603074,16082,369148,-0.021657954,-2.16579537,,,,,
28-Apr-16,192.15,193.9209141,2591182,18650,583717,-0.022137405,-2.213740458,,,,,
29-Apr-16,188.95,189.8649319,2639631,21800,545203,-0.016653656,-1.6653656,,,,,
02-May-16,186.4,186.997318,1384041,14564,347507,-0.013495634,-1.349563377,,,,,
03-May-16,184.2,186.5094915,1917761,18122,435171,-0.011802575,-1.180257511,,,,,
04-May-16,180.1,181.850018,2083677,20292,539650,-0.022258415,-2.225841477,,,,,
05-May-16,180.45,180.4632627,2396487,18272,376501,0.001943365,0.19433648,,,,,
06-May-16,184.4,183.0454344,2299426,19286,460696,0.02188972,2.188972014,,,,,
09-May-16,188.65,187.2343222,1469707,14207,398957,0.023047722,2.304772234,,,,,
10-May-16,189.3,188.8123684,1197693,11252,210576,0.003445534,0.344553406,,,,,
11-May-16,184.95,186.3734906,1420234,13094,383715,-0.022979398,-2.297939778,,,,,
12-May-16,188.4,187.2647512,2216583,15623,847415,0.01865369,1.865369019,,,,,
13-May-16,185,185.2812771,2424054,12635,1122227,-0.018046709,-1.804670913,,,,,
16-May-16,177.2,177.5031484,4356015,36019,1770099,-0.042162162,-4.216216216,0.028686652,-0.397757042,before merger news,183.4143208,
17-May-16,177.05,176.8587559,3425424,21239,1465127,-0.000846501,-0.084650113,0.028540312,-0.008030615,on the day of merger news,182.8984837,
18-May-16,180.2,178.5789615,2611488,21113,561680,0.017791584,1.77915843,0.028596472,0.255357274,before merger,245.8775621,
19-May-16,172.9,175.7061909,3330710,23001,1438997,-0.040510544,-4.051054384,0.028887652,0.09233352,after merger,292.6500992,
20-May-16,171.45,172.6543891,2496808,21811,872400,-0.00838635,-0.838635049,0.028689338,-0.141548028,after the pnb scam,276.4981592,
23-May-16,168.95,169.8636883,2468012,17885,961307,-0.014581511,-1.458151064,0.028720916,,,,
24-May-16,169.55,168.2426695,1700663,15131,420413,0.003551347,0.355134655,0.028644081,,,,
25-May-16,175.15,173.8812802,1698436,13518,586639,0.033028605,3.302860513,0.028796032,,,,
26-May-16,183.75,179.5273505,3110660,26023,844889,0.049100771,4.910077077,0.029276037,,,,
27-May-16,195.55,189.4881651,11408487,89515,2025809,0.064217687,6.421768707,0.029944113,,,,
30-May-16,198.65,198.6277264,4293641,43244,845695,0.015852723,1.585272309,0.029358975,,,,
31-May-16,204.85,201.5173992,4087878,31701,855726,0.031210672,3.121067204,0.029441801,,,,
01-Jun-16,197.9,202.6640368,4105938,39435,752540,-0.033927264,-3.392726385,0.029666557,,,,
02-Jun-16,200.55,199.105458,2657049,29673,306607,0.013390601,1.339060131,0.02915029,,,,
03-Jun-16,196.5,198.8341634,2884550,21765,678211,-0.020194465,-2.019446522,0.029223291,,,,
06-Jun-16,199.05,199.5228353,1953139,18960,266652,0.012977099,1.297709924,0.028824394,,,,
07-Jun-16,209.8,205.9060058,6382200,58804,1412557,0.054006531,5.400653102,0.029344002,,,,
08-Jun-16,210.4,210.2178551,2900015,26079,432231,0.002859867,0.285986654,0.029337835,,,,
09-Jun-16,210,210.5885232,2650120,22802,469360,-0.001901141,-0.190114068,0.029337743,,,,
10-Jun-16,206.2,208.2494541,2497938,21608,496405,-0.018095238,-1.80952381,0.029228505,,,,
13-Jun-16,202.2,201.7183486,1673001,14828,276273,-0.019398642,-1.93986421,0.028986451,,,,
14-Jun-16,207.55,206.1061108,1969658,16443,263121,0.026458952,2.645895153,0.0290014,,,,
15-Jun-16,215.65,213.8037911,5696454,43650,905325,0.039026741,3.902674054,0.02915053,,,,
16-Jun-16,215.7,215.7738951,5088435,38037,714761,0.000231857,0.023185718,0.029062115,,,,
17-Jun-16,213.4,214.7670431,2647601,21118,622993,-0.010662958,-1.066295781,0.028943967,,,,
20-Jun-16,215.8,213.8480041,2736791,22450,416306,0.011246485,1.124648547,0.028879686,,,,
21-Jun-16,213.9,215.4575449,1893257,13568,361189,-0.008804449,-0.880444856,0.028700049,,,,
22-Jun-16,212.8,213.4636144,1497501,12091,298925,-0.00514259,-0.514259,0.028182152,,,,
23-Jun-16,217.4,215.8852396,2164301,18887,604982,0.021616541,2.161654135,0.028013586,,,,
24-Jun-16,211.25,207.9295395,6277616,43677,1253234,-0.028288868,-2.828886845,0.028224938,,,,
27-Jun-16,217.1,216.4199951,3435350,23651,567663,0.027692308,2.769230769,0.027165585,,,,
28-Jun-16,216.3,216.8902343,1742439,14904,287993,-0.003684938,-0.368493782,0.026177057,,,,
29-Jun-16,217.2,217.5312084,1575472,12853,257506,0.004160888,0.416088766,0.026136447,,,,
30-Jun-16,218.65,220.0747679,2125658,18603,465541,0.006675875,0.667587477,0.026137785,,,,
01-Jul-16,219.65,219.9482078,1369667,10474,288917,0.004573519,0.457351932,0.025964008,,,,
04-Jul-16,222.85,223.1365507,1694016,13429,491729,0.014568632,1.456863191,0.025989392,,,,
05-Jul-16,223,223.5457808,1479156,13376,446265,0.000673098,0.06730985,0.02557771,,,,
07-Jul-16,220.5,222.4091819,1203631,11221,293186,-0.011210762,-1.121076233,0.02557884,,,,
08-Jul-16,218.4,218.1721589,1468887,11752,337276,-0.00952381,-0.952380952,0.025349382,,,,
11-Jul-16,224.6,223.6174511,1864141,15329,656361,0.028388278,2.838827839,0.02534669,,,,
12-Jul-16,226.45,225.9379129,1584372,12810,414673,0.008236866,0.823686554,0.025330263,,,,
13-Jul-16,227.2,226.8608175,2011848,16991,332203,0.003311989,0.33119894,0.025242618,,,,
14-Jul-16,231.75,230.6592448,2271813,24205,578899,0.020026408,2.002640845,0.022343118,,,,
15-Jul-16,231.5,232.467544,1457142,12037,304920,-0.001078749,-0.107874865,0.022337702,,,,
18-Jul-16,228.6,231.4562801,1644047,12638,444679,-0.012526998,-1.252699784,0.022172075,,,,
19-Jul-16,229.7,229.8446258,2947098,18229,984840,0.004811899,0.481189851,0.021974437,,,,
20-Jul-16,230.9,231.2384551,1885839,13435,639702,0.005224205,0.522420549,0.021972077,,,,
21-Jul-16,225.6,228.8635748,1360277,12720,342879,-0.02295366,-2.295365959,0.022058976,,,,
22-Jul-16,223.45,223.8010387,1820228,12795,686207,-0.009530142,-0.953014184,0.02209256,,,,
25-Jul-16,229.85,228.7177403,2884964,14680,1139993,0.028641754,2.864175431,0.022255446,,,,
26-Jul-16,226.5,229.2331146,1659171,14795,493197,-0.014574723,-1.457472265,0.022268411,,,,
27-Jul-16,228.65,228.5100546,2325398,14157,753346,0.009492274,0.949227373,0.022277755,,,,
28-Jul-16,230.95,232.4425532,3603185,20690,1543724,0.010059042,1.00590422,0.022289432,,,,
29-Jul-16,229.05,230.4014809,2651546,16121,1106237,-0.008226889,-0.822688894,0.022173377,,,,
01-Aug-16,227.45,228.572782,1512895,11764,386711,-0.006985374,-0.698537437,0.022003736,,,,
02-Aug-16,227.85,228.3891502,2601548,15063,1145991,0.001758628,0.175862827,0.022002756,,,,
03-Aug-16,226.55,228.0972157,3330171,13626,1397027,-0.005705508,-0.570550801,0.022011303,,,,
04-Aug-16,225.55,225.6575057,2299974,12173,978693,-0.004414037,-0.441403664,0.0215059,,,,
05-Aug-16,232.8,231.8840402,2098848,16398,710554,0.032143649,3.214364886,0.021735775,,,,
08-Aug-16,233.05,233.3664654,3492581,13613,1573155,0.001073883,0.107388316,0.021310295,,,,
09-Aug-16,234.6,234.7954448,6467422,29071,3099611,0.006650933,0.665093328,0.021222499,,,,
10-Aug-16,231.5,232.7581562,2864171,13708,1201471,-0.013213981,-1.321398124,0.021279617,,,,
11-Aug-16,226.95,227.7852671,2675375,12925,1054965,-0.019654428,-1.965442765,0.021396383,,,,
12-Aug-16,243.2,240.5693135,13529278,79636,4593414,0.071601674,7.160167438,0.021808265,,,,
16-Aug-16,246.45,245.1536634,2760169,19635,357023,0.013363487,1.336348684,0.021823236,,,,
17-Aug-16,246.25,246.5760843,1971354,14238,300876,-0.000811524,-0.081152364,0.021779812,,,,
18-Aug-16,248.2,248.766099,1964823,12087,453219,0.007918782,0.791878173,0.021783691,,,,
19-Aug-16,258.5,257.0311518,4802713,32141,1184056,0.041498791,4.14987913,0.022006221,,,,
22-Aug-16,254.95,256.8580793,2086475,15797,553655,-0.013733075,-1.373307544,0.022075282,,,,
23-Aug-16,254.6,253.2754631,1460722,13600,316048,-0.001372818,-0.13728182,0.02199781,,,,
24-Aug-16,254.65,254.6993618,1178370,9140,265215,0.000196386,0.019638649,0.021780571,,,,
25-Aug-16,250.05,252.6514873,1320124,10842,395691,-0.018064009,-1.806400942,0.021902305,,,,
26-Aug-16,246.7,247.9136886,1506070,11229,267598,-0.013397321,-1.339732054,0.021679177,,,,
29-Aug-16,248.75,245.6663053,2861529,10510,1855941,0.008309688,0.830968788,0.021501683,,,,
30-Aug-16,252.2,251.5036296,1080568,9191,243670,0.013869347,1.386934673,0.021467498,,,,
31-Aug-16,252.55,253.8150833,1464389,11658,333597,0.001387787,0.138778747,0.021407676,,,,
01-Sep-16,251.75,253.0488128,1111984,10373,274431,-0.00316769,-0.316768957,0.021256804,,,,
02-Sep-16,254.35,253.7139093,968151,8527,288789,0.010327706,1.032770606,0.021098353,,,,
06-Sep-16,259.45,258.6290573,3123299,19611,1536020,0.020051111,2.005111067,0.021061141,,,,
07-Sep-16,266.55,266.9860314,5797566,28369,2312354,0.027365581,2.736558104,0.021125415,,,,
08-Sep-16,267.95,268.383448,2851299,16135,1208197,0.005252298,0.525229788,0.021055432,,,,
09-Sep-16,264,264.9848982,2728756,13805,1392227,-0.014741556,-1.474155626,0.020962004,,,,
12-Sep-16,252.7,254.6638541,1692033,17295,652994,-0.04280303,-4.28030303,0.021552816,,,,
14-Sep-16,257.6,256.0889869,964097,8470,184707,0.019390582,1.939058172,0.021530884,,,,
15-Sep-16,255.8,255.3381387,2156707,10235,1094440,-0.006987578,-0.698757764,0.021464061,,,,
16-Sep-16,254.4,258.6527359,1941142,12223,715422,-0.005473026,-0.54730258,0.021485847,,,,
19-Sep-16,255.65,256.1635897,2773389,9783,1681275,0.004913522,0.491352201,0.021297044,,,,
20-Sep-16,254.25,254.6083738,2128453,8960,1214082,-0.005476237,-0.547623704,0.021260208,,,,
21-Sep-16,251.35,253.6250233,3219387,14344,2195995,-0.011406096,-1.140609636,0.021194946,,,,
22-Sep-16,257.35,256.3854545,3545874,18724,1947618,0.023871096,2.387109608,0.020722867,,,,
23-Sep-16,254.4,256.3742616,2274898,10060,1118561,-0.011462988,-1.146298815,0.020783941,,,,
26-Sep-16,251.65,253.3244389,2660045,9639,1952727,-0.010809748,-1.080974843,0.020793951,,,,
27-Sep-16,248.95,250.5929786,1840643,11040,943668,-0.010729187,-1.072918736,0.020303865,,,,
28-Sep-16,253.5,253.5770585,3346226,12732,1772674,0.018276762,1.82767624,0.020311181,,,,
29-Sep-16,247.15,249.161368,1968079,15921,587092,-0.02504931,-2.504930966,0.020453355,,,,
30-Sep-16,250.7,249.9099117,1417765,10621,305353,0.014363747,1.436374671,0.020479828,,,,
03-Oct-16,255.2,255.1397637,2078880,12087,1030751,0.017949741,1.794974073,0.020303658,,,,
04-Oct-16,259.25,257.4396007,5202146,23536,1833937,0.015869906,1.586990596,0.019771588,,,,
05-Oct-16,260.55,262.2745854,3191168,19519,1383272,0.005014465,0.50144648,0.018691225,,,,
06-Oct-16,256.85,259.1820466,1416758,10342,400339,-0.014200729,-1.420072923,0.01873513,,,,
07-Oct-16,258.25,257.0697377,3479926,15927,1664061,0.005450652,0.545065213,0.018492749,,,,
10-Oct-16,256,256.7424345,2377551,10348,1320440,-0.008712488,-0.87124879,0.018113354,,,,
13-Oct-16,249.7,249.776711,1557775,11343,507155,-0.024609375,-2.4609375,0.018313755,,,,
14-Oct-16,251.9,251.9810693,3474567,14501,1724454,0.008810573,0.881057269,0.018160409,,,,
17-Oct-16,253.1,253.8085596,3033994,15016,1347555,0.004763795,0.476379516,0.018129748,,,,
18-Oct-16,256.9,255.0663154,4550935,13879,2665897,0.015013829,1.501382853,0.017333445,,,,
19-Oct-16,254.8,255.4198238,4161624,12316,2201691,-0.008174387,-0.817438692,0.017369726,,,,
20-Oct-16,259.95,259.2278035,3227303,16134,1287807,0.020211931,2.021193093,0.017466814,,,,
21-Oct-16,258.4,257.4553616,1880556,8348,671403,-0.005962685,-0.596268513,0.017350817,,,,
24-Oct-16,262.85,262.5236119,4163083,14273,2547793,0.017221362,1.722136223,0.017255087,,,,
25-Oct-16,261.3,261.7420947,2362503,10081,1392960,-0.005896899,-0.589689937,0.017097425,,,,
26-Oct-16,259.05,260.9746286,1397639,10618,508241,-0.008610792,-0.861079219,0.016689127,,,,
27-Oct-16,255.05,255.4404523,2609234,12289,1477731,-0.015441035,-1.544103455,0.016792485,,,,
28-Oct-16,257.85,256.9482317,2277165,10260,1088204,0.01097824,1.097823956,0.016763367,,,,
30-Oct-16,257.85,258.2962915,306968,3690,100942,0,0,0.016737268,,,,
01-Nov-16,258.4,258.6563778,2395509,10980,1037003,0.002133023,0.213302308,0.016696104,,,,
02-Nov-16,251.3,252.1299615,1073249,9407,291571,-0.02747678,-2.747678019,0.016974194,,,,
03-Nov-16,245.65,248.7698327,1287155,12070,418710,-0.022483088,-2.248308794,0.01703893,,,,
04-Nov-16,242.85,243.3383771,1192300,10802,256499,-0.011398331,-1.139833096,0.016795515,,,,
07-Nov-16,252.7,250.5311448,1120508,10457,332690,0.040560016,4.056001647,0.01707482,,,,
08-Nov-16,252.6,251.3366447,758203,7188,209702,-0.000395726,-0.039572616,0.017066261,,,,
09-Nov-16,259.75,251.566307,4029745,32037,631466,0.028305622,2.830562154,0.017293211,,,,
10-Nov-16,281.6,278.2126758,5967067,52446,1504529,0.084119346,8.411934552,0.019349254,,,,
11-Nov-16,272.9,278.1125965,5886310,47654,804539,-0.030894886,-3.089488636,0.019679513,,,,
15-Nov-16,278.1,277.3987271,5272341,30962,2175110,0.019054599,1.905459875,0.019716148,,,,
16-Nov-16,277.15,278.7813501,2460911,20783,691839,-0.003416037,-0.34160374,0.019725642,,,,
17-Nov-16,277.65,279.2748967,3027795,21875,1004903,0.001804077,0.180407721,0.019669998,,,,
18-Nov-16,275.7,277.0172422,1886242,15938,522323,-0.007023231,-0.702323069,0.019654002,,,,
21-Nov-16,257.75,264.5454233,2569703,21241,608207,-0.065107,-6.510700036,0.020739913,,,,
22-Nov-16,257.4,256.457214,2450360,21976,345863,-0.001357905,-0.135790495,0.02073079,,,,
23-Nov-16,258.75,257.9271895,1559253,11409,239375,0.005244755,0.524475524,0.020733562,,,,
24-Nov-16,261.7,260.3648233,1900846,15643,380318,0.011400966,1.140096618,0.020666846,,,,
25-Nov-16,260.95,261.2464625,1791027,13110,407888,-0.002865877,-0.286587696,0.020670322,,,,
28-Nov-16,253.6,254.5587375,2096208,20610,505439,-0.028166315,-2.816631539,0.020857033,,,,
29-Nov-16,252.95,254.615088,1185549,10507,330008,-0.002563091,-0.256309148,0.020857892,,,,
30-Nov-16,258.4,256.4795305,1653267,11570,491255,0.02154576,2.154576003,0.020964296,,,,
01-Dec-16,255.75,256.915038,1453568,10786,380543,-0.010255418,-1.025541796,0.020838953,,,,
02-Dec-16,254.4,256.1167319,2128604,17524,318806,-0.005278592,-0.527859238,0.020817958,,,,
05-Dec-16,256.7,255.6888403,993911,8015,301606,0.009040881,0.90408805,0.020632237,,,,
06-Dec-16,259.15,258.691612,1242889,8382,360654,0.009544215,0.954421504,0.020577686,,,,
07-Dec-16,255.35,258.3589361,2725215,21692,582830,-0.014663322,-1.46633224,0.020633252,,,,
08-Dec-16,259.75,259.3196594,944646,7081,265930,0.017231251,1.723125122,0.020681208,,,,
09-Dec-16,266,264.3861699,2130847,14473,816321,0.024061598,2.406159769,0.020791011,,,,
12-Dec-16,263.4,266.3310282,1599873,11672,506713,-0.009774436,-0.977443609,0.020806641,,,,
13-Dec-16,265.5,264.1765924,988072,8921,216307,0.007972665,0.797266515,0.020816715,,,,
14-Dec-16,262.7,263.6853625,794810,8567,271657,-0.010546139,-1.054613936,0.020843203,,,,
15-Dec-16,265,264.9284294,1578399,15614,374754,0.008755234,0.875523411,0.020844776,,,,
16-Dec-16,264.75,264.6406725,813798,10196,258653,-0.000943396,-0.094339623,0.020595072,,,,
19-Dec-16,261.4,262.4650272,560178,5738,214744,-0.012653447,-1.265344665,0.020650791,,,,
20-Dec-16,254.55,255.9618088,1467511,13511,387291,-0.02620505,-2.620504973,0.020850365,,,,
21-Dec-16,255.15,255.9812764,801075,7665,158371,0.002357101,0.235710077,0.020793887,,,,
22-Dec-16,249.75,250.3936414,2080442,11844,1089394,-0.021164021,-2.116402116,0.020811786,,,,
23-Dec-16,249.25,249.9141467,889308,8392,193283,-0.002002002,-0.2002002,0.019400518,,,,
26-Dec-16,244.1,245.4200116,781838,8600,226477,-0.020661986,-2.066198596,0.019478472,,,,
27-Dec-16,248.7,245.7306264,878824,9306,183787,0.018844736,1.884473576,0.019579436,,,,
28-Dec-16,247.25,249.4160775,1331062,11962,372486,-0.005830318,-0.583031765,0.019572878,,,,
29-Dec-16,247.55,247.4196673,754686,7137,215362,0.001213347,0.121334681,0.019064893,,,,
30-Dec-16,249.75,250.6679349,1781491,21107,785890,0.008887094,0.888709352,0.019034632,,,,
02-Jan-17,243.6,244.8461462,2429618,26779,909379,-0.024624625,-2.462462462,0.019211695,,,,
03-Jan-17,244.85,244.4609824,1524646,14539,354956,0.005131363,0.513136289,0.019220306,,,,
04-Jan-17,242.9,243.9372691,1271447,11180,374398,-0.00796406,-0.796405963,0.019143649,,,,
05-Jan-17,245.45,245.1878622,1025688,9359,270312,0.010498147,1.049814739,0.019123238,,,,
06-Jan-17,245.95,247.1682384,1050117,9851,267654,0.002037075,0.203707476,0.019104272,,,,
09-Jan-17,247,247.0326541,594964,5835,163880,0.00426916,0.42691604,0.019052404,,,,
10-Jan-17,247.85,247.5519978,667028,7428,181300,0.003441296,0.344129555,0.019055415,,,,
11-Jan-17,251.9,251.1722736,2441459,14185,1057808,0.016340529,1.634052855,0.01913099,,,,
12-Jan-17,251.1,252.0291188,1755393,11373,800354,-0.003175863,-0.317586344,0.019103178,,,,
13-Jan-17,250.9,250.7637768,1635559,9310,637607,-0.000796495,-0.079649542,0.018982388,,,,
16-Jan-17,255.75,254.0796301,1147858,11309,354435,0.019330411,1.933041052,0.018868563,,,,
17-Jan-17,256.15,256.8320478,887020,8145,219092,0.001564027,0.156402737,0.018860302,,,,
18-Jan-17,257.6,257.6984673,761642,7495,235216,0.005660746,0.566074566,0.018807071,,,,
19-Jan-17,258.3,259.1625928,1557394,11985,664585,0.002717391,0.27173913,0.018243111,,,,
20-Jan-17,251,254.9000786,1536608,11162,626458,-0.028261711,-2.826171119,0.018378487,,,,
23-Jan-17,254.1,253.4047017,1141206,7711,510677,0.012350598,1.235059761,0.018410724,,,,
24-Jan-17,254.7,255.2323822,1280279,10284,623888,0.002361275,0.236127509,0.018402542,,,,
25-Jan-17,259.3,256.5029488,2082222,11950,1238652,0.018060463,1.806046329,0.018493513,,,,
27-Jan-17,266.5,264.7817624,2597953,20956,999678,0.027767065,2.776706518,0.018709415,,,,
30-Jan-17,263,264.9662591,1972593,13173,762213,-0.013133208,-1.313320826,0.018723006,,,,
31-Jan-17,260,261.0516518,1393891,8891,589801,-0.011406844,-1.140684411,0.01859951,,,,
01-Feb-17,270.3,267.3107893,4767253,27960,1612169,0.039615385,3.961538462,0.019016263,,,,
02-Feb-17,272.7,272.0731946,4939979,19815,3087740,0.008879023,0.887902331,0.018993482,,,,
03-Feb-17,277.4,276.1685393,3954087,15133,2112473,0.017235057,1.723505684,0.019027173,,,,
06-Feb-17,277.05,279.4351232,1742387,13552,497855,-0.001261716,-0.126171593,0.018942703,,,,
07-Feb-17,277.5,277.961323,2507178,10208,1305698,0.001624256,0.162425555,0.018732926,,,,
08-Feb-17,277.3,276.2923428,2999403,17557,1354916,-0.000720721,-0.072072072,0.018683159,,,,
09-Feb-17,275.85,275.3222847,1953369,10809,699507,-0.005228994,-0.522899387,0.018609912,,,,
10-Feb-17,276.25,279.5082111,5531109,32297,1932410,0.001450063,0.145006344,0.018542022,,,,
13-Feb-17,271.4,272.7772097,1535861,14571,384586,-0.017556561,-1.755656109,0.018638972,,,,
14-Feb-17,270.5,270.7938268,1834821,8041,1084595,-0.003316139,-0.331613854,0.018576165,,,,
15-Feb-17,268.65,269.3155682,1425318,9587,501413,-0.006839187,-0.683918669,0.018586512,,,,
16-Feb-17,270.4,271.3789459,3218188,15951,1509833,0.006514052,0.651405174,0.018569765,,,,
17-Feb-17,268.8,269.1610803,2822028,12943,1514442,-0.00591716,-0.591715976,0.018384072,,,,
20-Feb-17,269.25,269.2570325,1645609,6876,989804,0.001674107,0.167410714,0.018365147,,,,
21-Feb-17,270.65,270.0464861,1022457,7820,398980,0.005199629,0.51996286,0.018366243,,,,
22-Feb-17,271.8,272.7725686,1557349,13220,681089,0.00424903,0.424903011,0.01830772,,,,
23-Feb-17,270.5,271.3000187,2294677,9334,1167047,-0.004782929,-0.478292862,0.018292355,,,,
27-Feb-17,268.15,268.8761781,1932776,7892,1184938,-0.008687616,-0.868761553,0.018200777,,,,
28-Feb-17,269.2,269.5421363,578290,5592,169309,0.003915719,0.391571881,0.018190965,,,,
01-Mar-17,271.95,271.7593612,1157627,6638,518892,0.010215453,1.021545319,0.018133388,,,,
02-Mar-17,267,270.6207256,1130527,9302,312546,-0.018201875,-1.820187534,0.018229707,,,,
03-Mar-17,265.15,265.9050899,763059,7435,276910,-0.006928839,-0.692883895,0.018221124,,,,
06-Mar-17,269.9,268.4930135,623060,5661,236727,0.017914388,1.791438808,0.018234115,,,,
07-Mar-17,268.05,268.1847833,441030,4456,101017,-0.006854391,-0.685439052,0.018218964,,,,
08-Mar-17,269.7,268.3938046,1250732,7569,400540,0.006155568,0.615556799,0.018228346,,,,
09-Mar-17,273.2,271.7278056,2253195,12025,1335621,0.012977382,1.297738228,0.018274435,,,,
10-Mar-17,272.05,271.499913,2350135,7220,1764933,-0.00420937,-0.420937042,0.018030259,,,,
14-Mar-17,274.7,275.5800661,998562,9550,359562,0.009740856,0.974085646,0.017875169,,,,
15-Mar-17,277.4,278.0114934,1481548,12056,495187,0.009828904,0.982890426,0.017843869,,,,
16-Mar-17,278.95,278.6515962,3721429,11865,2434179,0.005587599,0.558759913,0.017355715,,,,
17-Mar-17,274.1,275.497382,1281510,7612,540316,-0.017386628,-1.738662843,0.017467213,,,,
20-Mar-17,274,272.3801421,8106217,5342,7704579,-0.00036483,-0.036483035,0.017221831,,,,
21-Mar-17,272.3,273.0934363,1142201,7715,327473,-0.00620438,-0.620437956,0.01473461,,,,
22-Mar-17,267.65,268.8348527,932422,7749,368579,-0.017076754,-1.707675358,0.014478815,,,,
23-Mar-17,268.5,268.0905209,849174,5883,412239,0.003175789,0.317578928,0.014337071,,,,
24-Mar-17,276.05,275.1928341,1912571,15508,683197,0.028119181,2.811918063,0.014645356,,,,
27-Mar-17,279.35,278.5104527,1533913,13179,525720,0.011954356,1.195435609,0.014698499,,,,
28-Mar-17,282.15,280.1947995,4603318,14091,3716514,0.010023268,1.00232683,0.014714673,,,,
29-Mar-17,287.75,287.3945055,18346222,16713,16423592,0.019847599,1.984759879,0.013084217,,,,
30-Mar-17,290,290.8978234,1974483,13017,740706,0.007819288,0.781928758,0.013099007,,,,
31-Mar-17,292.6,292.2042593,2076728,15316,447326,0.008965517,0.896551724,0.01311726,,,,
03-Apr-17,293.15,293.7770509,1077883,8604,280841,0.001879699,0.187969925,0.013074078,,,,
05-Apr-17,296.7,295.67133,2401978,13564,881098,0.012109841,1.210984138,0.013115373,,,,
06-Apr-17,292.7,294.1253175,2089915,10163,794732,-0.013481631,-1.348163128,0.012826748,,,,
07-Apr-17,289.4,291.996505,1587699,7900,550407,-0.011274342,-1.127434233,0.012892667,,,,
10-Apr-17,289,288.734811,1215367,6812,516313,-0.00138217,-0.138217001,0.01271738,,,,
11-Apr-17,293.7,292.593463,1261467,7389,491160,0.016262976,1.626297578,0.012753268,,,,
12-Apr-17,290.1,291.0883409,1377460,6900,571928,-0.012257406,-1.225740552,0.012817559,,,,
13-Apr-17,291,290.7543115,1722889,7278,499109,0.003102378,0.310237849,0.012793595,,,,
17-Apr-17,289.65,289.4864624,1239658,5963,586938,-0.004639175,-0.463917526,0.01278047,,,,
18-Apr-17,290.15,293.1817513,1485051,9914,467603,0.001726221,0.17262213,0.012664938,,,,
19-Apr-17,284.2,286.9317209,1484320,9532,429859,-0.020506634,-2.05066345,0.012764147,,,,
20-Apr-17,284.9,284.5955866,964058,15637,218592,0.002463054,0.246305419,0.012525558,,,,
21-Apr-17,282.15,283.3103569,1272216,7596,283984,-0.00965251,-0.965250965,0.01252439,,,,
24-Apr-17,285.55,284.5178306,765144,8017,209917,0.012050328,1.205032784,0.012558153,,,,
25-Apr-17,286,286.5164881,650865,8826,196119,0.001575906,0.157590615,0.012498235,,,,
26-Apr-17,286.4,286.8696911,810712,7061,185134,0.001398601,0.13986014,0.012470876,,,,
27-Apr-17,281.95,284.0818832,949975,6170,285190,-0.015537709,-1.55377095,0.012591421,,,,
28-Apr-17,289.45,286.8588361,1114024,7730,278002,0.026600461,2.660046107,0.012801072,,,,
02-May-17,288.25,289.6977832,866004,6838,272998,-0.004145794,-0.414579375,0.012473255,,,,
03-May-17,289.35,289.4190934,1111318,7341,240049,0.003816132,0.381613183,0.012475387,,,,
04-May-17,298.8,296.3484564,2582802,16567,859345,0.032659409,3.265940902,0.012667768,,,,
05-May-17,295.95,299.555087,3366537,23019,748179,-0.009538153,-0.953815261,0.012720548,,,,
08-May-17,298.65,298.3036961,815944,6929,185804,0.009123163,0.91231627,0.012507283,,,,
09-May-17,296,296.7664844,1084844,5480,408717,-0.008873263,-0.887326302,0.012436679,,,,
10-May-17,294.6,295.3345123,820206,5304,143090,-0.00472973,-0.472972973,0.012429315,,,,
11-May-17,298,296.8785767,2155328,8616,1012773,0.011541073,1.154107264,0.012469592,,,,
12-May-17,297.15,298.7239739,2386158,12245,945386,-0.002852349,-0.285234899,0.01245974,,,,
15-May-17,300.45,300.1734721,2157073,11847,1206966,0.011105502,1.110550227,0.012163217,,,,
16-May-17,307,306.0224091,5871721,15646,4611890,0.021800632,2.180063238,0.012332414,,,,
17-May-17,307.65,307.160434,1106424,8945,316493,0.002117264,0.211726384,0.012280286,,,,
18-May-17,302.95,304.5467578,1046542,7046,294550,-0.015277101,-1.52771006,0.01239844,,,,
19-May-17,308.15,309.2620644,4801674,35993,884524,0.017164549,1.716454861,0.012496115,,,,
22-May-17,294.4,298.7626479,2278172,19280,686215,-0.044621126,-4.462112607,0.013459934,,,,
23-May-17,289.15,290.3337774,1478728,11729,330838,-0.01783288,-1.783288043,0.013623111,,,,
24-May-17,283.15,285.3297148,1371376,10711,352104,-0.020750476,-2.075047553,0.013740836,,,,
25-May-17,290,287.0962564,1024680,8320,229950,0.024192124,2.419212432,0.013941848,,,,
26-May-17,288.45,287.8137939,1077478,7887,298688,-0.005344828,-0.534482759,0.013959486,,,,
29-May-17,284.4,286.94392,978317,6595,302999,-0.014040562,-1.404056162,0.013927725,,,,
30-May-17,288.8,286.8594479,699527,10655,157300,0.015471167,1.547116737,0.014008619,,,,
31-May-17,288.55,289.3411681,601296,5820,149423,-0.000865651,-0.086565097,0.014003385,,,,
01-Jun-17,287.35,287.6808865,901626,7001,242515,-0.004158725,-0.415872466,0.014014845,,,,
02-Jun-17,287.4,288.2535209,659567,5345,158665,0.000174004,0.017400383,0.013652819,,,,
05-Jun-17,287.35,288.0677439,541392,4371,141994,-0.000173974,-0.017397356,0.013605369,,,,
06-Jun-17,287.25,289.6806976,803082,6328,171886,-0.000348008,-0.034800766,0.013606392,,,,
07-Jun-17,290.75,289.4757646,816223,6178,205160,0.012184508,1.218450827,0.013538935,,,,
08-Jun-17,288.8,289.0419098,575665,4044,141079,-0.006706793,-0.670679278,0.013265746,,,,
09-Jun-17,288.5,287.8601715,1461948,4919,976107,-0.001038781,-0.103878116,0.0131811,,,,
12-Jun-17,285.05,285.5516242,698974,4992,191194,-0.011958406,-1.195840555,0.013187188,,,,
13-Jun-17,283.8,284.4717214,834111,5234,385712,-0.004385196,-0.438519558,0.012536321,,,,
14-Jun-17,284.35,284.4952561,727888,5001,180353,0.001937984,0.19379845,0.012505946,,,,
15-Jun-17,284.05,284.1834074,1373156,7320,512067,-0.001055038,-0.105503781,0.012378235,,,,
16-Jun-17,285.85,285.0576931,1691416,7992,824203,0.006336913,0.633691252,0.012393244,,,,
19-Jun-17,288.5,287.861274,632484,6455,260384,0.009270596,0.927059647,0.012428089,,,,
20-Jun-17,290,289.2364333,1092198,6059,339427,0.005199307,0.519930676,0.012437248,,,,
21-Jun-17,290.2,290.9803761,2160679,3971,1765804,0.000689655,0.068965517,0.012421649,,,,
22-Jun-17,294.55,293.3446605,1380077,6953,677968,0.014989662,1.49896623,0.012514171,,,,
23-Jun-17,288.85,290.5458637,765354,7834,192738,-0.019351553,-1.935155322,0.012545496,,,,
27-Jun-17,279.4,280.1316435,2496105,10863,380472,-0.032715943,-3.271594253,0.013032155,,,,
28-Jun-17,276.4,275.899709,1279218,9831,458690,-0.010737294,-1.07372942,0.013063438,,,,
29-Jun-17,272.55,275.3063297,999877,8173,399766,-0.013929088,-1.392908828,0.013134322,,,,
30-Jun-17,273.6,272.4887988,810714,6762,198416,0.003852504,0.385250413,0.013123653,,,,
03-Jul-17,274.7,274.3525538,585573,5138,181240,0.004020468,0.402046784,0.013128832,,,,
04-Jul-17,273,273.8460793,652050,4779,235516,-0.006188569,-0.618856935,0.013136135,,,,
05-Jul-17,275,274.4678629,693654,4455,243381,0.007326007,0.732600733,0.013151,,,,
06-Jul-17,280.9,280.6793782,1245617,10920,357117,0.021454545,2.145454545,0.013330493,,,,
07-Jul-17,280.2,280.971661,540634,4053,129124,-0.00249199,-0.249199003,0.013298043,,,,
10-Jul-17,285.55,285.0439617,3605684,26355,1462169,0.019093505,1.909350464,0.013437872,,,,
11-Jul-17,283.6,286.9409321,1142110,7589,359222,-0.006828927,-0.682892663,0.01342292,,,,
12-Jul-17,287.4,285.7533195,657243,4987,159124,0.013399154,1.339915374,0.013338662,,,,
13-Jul-17,288.6,288.5426796,628310,4663,158708,0.004175365,0.417536534,0.013316367,,,,
14-Jul-17,291.6,291.2709813,1073967,7949,384325,0.01039501,1.03950104,0.013231676,,,,
17-Jul-17,292.8,291.7148195,835299,7555,230595,0.004115226,0.411522634,0.013209167,,,,
18-Jul-17,290.45,292.2502512,1709670,7302,970181,-0.008025956,-0.802595628,0.013232751,,,,
19-Jul-17,293.2,292.5977454,475035,5820,152311,0.009468067,0.946806679,0.013201606,,,,
20-Jul-17,290.65,291.897182,473847,4911,126931,-0.008697135,-0.869713506,0.013229808,,,,
21-Jul-17,290.35,290.2465134,431149,3871,98463,-0.001032169,-0.103216928,0.013196595,,,,
24-Jul-17,294.45,294.155796,761990,6317,293666,0.014120889,1.412088858,0.013238078,,,,
25-Jul-17,296.25,295.9894005,678333,5817,266603,0.006113092,0.611309221,0.013240374,,,,
26-Jul-17,295.75,296.9360624,640953,5505,238083,-0.001687764,-0.168776371,0.013099654,,,,
27-Jul-17,298.3,297.7498129,1777378,7567,1200989,0.008622147,0.862214708,0.0131241,,,,
28-Jul-17,299.2,298.6998364,757840,7071,271855,0.003017097,0.301709688,0.013102636,,,,
31-Jul-17,312.55,309.2605884,3417051,27221,1161996,0.044618984,4.461898396,0.013744027,,,,
01-Aug-17,308.8,310.5870609,984460,8918,246055,-0.01199808,-1.199808031,0.013821134,,,,
02-Aug-17,307.65,308.8920958,1207423,11786,215487,-0.003724093,-0.372409326,0.013537841,,,,
03-Aug-17,300.75,302.1655407,988222,7504,279928,-0.022428084,-2.242808386,0.01371996,,,,
04-Aug-17,305.45,302.9404579,1050417,8513,266755,0.015627598,1.562759767,0.013774954,,,,
07-Aug-17,311.1,309.1045868,998338,6680,305196,0.018497299,1.849729907,0.013754672,,,,
08-Aug-17,303.85,305.0712609,1022553,7746,216552,-0.023304404,-2.330440373,0.013972494,,,,
09-Aug-17,302.2,304.5444766,933434,7194,188045,-0.005430311,-0.543031101,0.013958114,,,,
10-Aug-17,296.55,298.1921285,1069607,9527,288844,-0.018696228,-1.869622766,0.014103956,,,,
11-Aug-17,280.65,287.6688851,4249594,38550,712061,-0.053616591,-5.361659079,0.015156236,,,,
14-Aug-17,278.05,279.2815975,1988533,18633,853995,-0.009264208,-0.926420809,0.015121774,,,,
16-Aug-17,282.9,278.7850924,1683686,16824,555318,0.017442906,1.744290595,0.015194673,,,,
17-Aug-17,280.75,281.2409869,1722662,9652,370022,-0.007599859,-0.759985861,0.015214727,,,,
18-Aug-17,278.65,277.7047167,993368,8736,197293,-0.007479964,-0.747996438,0.015130522,,,,
21-Aug-17,274.65,277.2561685,820214,7005,195401,-0.014354926,-1.435492553,0.0151507,,,,
22-Aug-17,274.1,273.7684355,1703452,8398,533606,-0.002002549,-0.20025487,0.015146566,,,,
23-Aug-17,278.75,277.0017463,673432,5044,133056,0.016964611,1.696461146,0.015253156,,,,
24-Aug-17,280.45,279.4241858,863400,5706,207995,0.006098655,0.609865471,0.015266842,,,,
28-Aug-17,279.3,280.0952968,1134477,10150,547193,-0.004100553,-0.410055268,0.015117995,,,,
29-Aug-17,276.7,278.3074706,988823,5859,345007,-0.009308987,-0.930898675,0.015146946,,,,
30-Aug-17,276.9,277.9396736,969642,4955,433911,0.000722804,0.072280448,0.015113368,,,,
31-Aug-17,277.35,276.1578781,700338,6026,,0.001625135,0.162513543,0.015058446,,,,
01-Sep-17,277.7,278.5048676,692851,6289,340023,0.001261943,0.126194339,0.015058059,,,,
04-Sep-17,277.8,277.8581763,582082,5712,221180,0.000360101,0.036010083,0.015057194,,,,
05-Sep-17,277.3,277.8773695,1118139,4832,288536,-0.001799856,-0.179985601,0.01496864,,,,
06-Sep-17,274.2,275.4612313,1126023,6403,506441,-0.011179228,-1.117922827,0.014737452,,,,
07-Sep-17,274.5,275.2082155,1576319,9101,836603,0.001094092,0.10940919,0.014733188,,,,
08-Sep-17,271.95,272.7552502,1425901,8702,585770,-0.009289617,-0.928961749,0.014755631,,,,
11-Sep-17,270.85,270.6118462,1662833,9751,965849,-0.004044861,-0.404486119,0.014322389,,,,
12-Sep-17,273.5,273.6490742,677334,5572,295753,0.009784013,0.978401329,0.014337944,,,,
13-Sep-17,273.35,275.2764616,969274,7084,446541,-0.000548446,-0.054844607,0.014298602,,,,
14-Sep-17,273.9,274.074484,557556,4473,194043,0.002012072,0.201207243,0.014276098,,,,
15-Sep-17,272.05,272.3437646,759700,4334,324269,-0.00675429,-0.675428989,0.01428409,,,,
18-Sep-17,270.15,271.473484,725902,8895,370969,-0.00698401,-0.698401029,0.014237214,,,,
19-Sep-17,267.8,268.1997676,956922,8034,443459,-0.008698871,-0.8698871,0.014259325,,,,
20-Sep-17,270.55,270.3588691,762200,5955,304495,0.010268857,1.026885736,0.014251482,,,,
21-Sep-17,268.5,268.7929702,495890,4216,144275,-0.007577158,-0.757715764,0.014054456,,,,
22-Sep-17,261.9,263.6445196,966177,8438,421773,-0.024581006,-2.458100559,0.014261793,,,,
25-Sep-17,258.65,257.7824973,1013224,9566,374159,-0.012409317,-1.240931653,0.014233996,,,,
26-Sep-17,257.9,257.9364563,606968,11318,229442,-0.002899671,-0.289967137,0.014090404,,,,
27-Sep-17,250.45,252.8361361,1244978,12033,461306,-0.028887166,-2.888716557,0.013639801,,,,
28-Sep-17,252.8,252.0427396,714794,5626,214180,0.00938311,0.93831104,0.013579463,,,,
29-Sep-17,253.75,254.3692257,429274,4368,140266,0.003757911,0.375791139,0.013430628,,,,
03-Oct-17,251.3,252.1261035,578057,6054,209005,-0.009655172,-0.965517241,0.013182038,,,,
04-Oct-17,253.35,252.7146574,616459,4756,197665,0.008157581,0.815758058,0.013215196,,,,
05-Oct-17,251.35,250.9630475,686395,8628,270005,-0.007894217,-0.789421749,0.013164191,,,,
06-Oct-17,256.65,256.0563964,768915,5770,238119,0.021086135,2.108613487,0.013258601,,,,
09-Oct-17,256.5,256.687238,463055,4711,121165,-0.000584454,-0.058445354,0.013258725,,,,
10-Oct-17,256.65,256.7277305,426008,3062,112068,0.000584795,0.058479532,0.013256371,,,,
11-Oct-17,251.6,254.0535813,858527,6760,292740,-0.019676602,-1.967660238,0.013399529,,,,
12-Oct-17,251.6,250.5987994,1258500,6402,765194,0,0,0.013399723,,,,
13-Oct-17,252.45,253.1221157,508321,4325,122438,0.003378378,0.337837838,0.013408874,,,,
16-Oct-17,252.25,252.1551364,610856,4705,167332,-0.000792236,-0.079223609,0.013330236,,,,
17-Oct-17,251.15,252.2480877,551700,4485,188989,-0.004360753,-0.436075322,0.013322152,,,,
18-Oct-17,244.2,245.2403833,1673032,9875,847858,-0.027672706,-2.767270555,0.013608197,,,,
19-Oct-17,242.5,243.49365,525437,5710,263735,-0.006961507,-0.696150696,0.013575993,,,,
23-Oct-17,245.75,244.8249059,504363,4936,139908,0.013402062,1.340206186,0.01366698,,,,
24-Oct-17,254.5,251.9813751,1191897,8840,297397,0.03560529,3.560528993,0.014218672,,,,
25-Oct-17,324.7,311.9680667,17296060,134735,6176587,0.275834971,27.58349705,0.032621711,,,,
26-Oct-17,320.65,330.6990454,7564371,63316,1674206,-0.012473052,-1.247305205,0.032653988,,,,
27-Oct-17,310.95,315.8856381,2508221,18356,1018199,-0.030251053,-3.025105255,0.03281893,,,,
30-Oct-17,312.1,314.8194242,3422756,20347,1656817,0.003698344,0.369834379,0.032817295,,,,
31-Oct-17,305.8,307.6478474,1085058,10628,257170,-0.020185838,-2.018583787,0.032896169,,,,
01-Nov-17,319.8,316.978245,2542032,20301,861104,0.045781557,4.578155657,0.033204818,,,,
02-Nov-17,314.95,317.4421668,1995075,13415,364236,-0.015165729,-1.516572858,0.033178038,,,,
03-Nov-17,325,319.4304148,2392476,17088,781719,0.031909827,3.190982696,0.033128898,,,,
06-Nov-17,328.95,326.3853752,1691305,14895,483476,0.012153846,1.215384615,0.033116342,,,,
07-Nov-17,317.2,323.0180426,1553044,12923,288805,-0.035719714,-3.571971424,0.03331864,,,,
08-Nov-17,309.75,313.544871,1249483,9612,457721,-0.023486759,-2.348675914,0.033428991,,,,
09-Nov-17,313.75,313.6007125,1906378,10872,662124,0.01291364,1.291364003,0.033448736,,,,
10-Nov-17,333.2,326.1023502,7645816,54934,903669,0.061992032,6.199203187,0.034035074,,,,
13-Nov-17,331.2,337.8329017,7954401,24009,500597,-0.006002401,-0.600240096,0.03404403,,,,
14-Nov-17,329.2,330.2455794,1415815,8909,300534,-0.006038647,-0.603864734,0.033995701,,,,
15-Nov-17,325.2,326.9394879,1006179,8681,143371,-0.012150668,-1.215066829,0.034026546,,,,
16-Nov-17,333.45,329.8782019,1228155,9899,196344,0.025369004,2.536900369,0.034068464,,,,
17-Nov-17,337.4,340.7167582,1921175,15692,458145,0.011845854,1.184585395,0.034069403,,,,
20-Nov-17,333.05,334.1282304,974379,6949,138543,-0.012892709,-1.289270895,0.034087479,,,,
21-Nov-17,330.75,332.2468092,914107,7057,235275,-0.00690587,-0.690586999,0.034100296,,,,
22-Nov-17,335.2,334.7467132,1643066,11267,181774,0.013454271,1.34542706,0.034110351,,,,
23-Nov-17,334.9,334.417918,758211,5840,123830,-0.000894988,-0.089498807,0.034111084,,,,
24-Nov-17,332.25,334.4189595,754610,5600,187672,-0.00791281,-0.791280979,0.034110707,,,,
27-Nov-17,335.25,331.9321496,778581,7021,206107,0.009029345,0.902934537,0.034109651,,,,
28-Nov-17,332.65,332.9338325,972320,5025,525637,-0.007755406,-0.775540641,0.034106435,,,,
29-Nov-17,328.8,331.4852888,493399,4129,112729,-0.011573726,-1.157372614,0.034135474,,,,
30-Nov-17,320.45,323.0913199,921322,7694,319306,-0.025395377,-2.539537713,0.034231693,,,,
01-Dec-17,312.55,317.5606193,1066080,7945,238690,-0.024652832,-2.465283196,0.034339399,,,,
04-Dec-17,313.3,313.4502959,607556,5190,146383,0.002399616,0.239961606,0.034338335,,,,
05-Dec-17,319.3,313.9448388,1516319,9337,617419,0.019150974,1.915097351,0.034382424,,,,
06-Dec-17,312.25,314.3114968,956196,8768,236585,-0.022079549,-2.207954901,0.034470848,,,,
07-Dec-17,316.6,315.7566558,798630,5549,187825,0.013931145,1.393114492,0.034181867,,,,
08-Dec-17,313.15,315.4888045,1236570,6623,609335,-0.010897031,-1.089703095,0.034177433,,,,
11-Dec-17,318.3,317.549589,654329,6771,170563,0.016445793,1.644579275,0.034214821,,,,
12-Dec-17,318.4,317.6054583,758409,6760,155262,0.000314169,0.031416902,0.034123449,,,,
13-Dec-17,313.25,316.1004876,709998,5779,201450,-0.016174623,-1.617462312,0.034136647,,,,
14-Dec-17,314.05,312.7525345,686423,6962,177573,0.002553871,0.255387071,0.034084485,,,,
15-Dec-17,312.75,315.4277263,632872,5454,152816,-0.004139468,-0.413946824,0.033992064,,,,
18-Dec-17,318.9,316.8882411,1701449,13041,229665,0.019664269,1.966426859,0.034043581,,,,
19-Dec-17,319.45,319.9412203,562864,4687,97187,0.001724679,0.172467858,0.033977309,,,,
20-Dec-17,317.25,317.6216922,412886,3512,76210,-0.006886837,-0.688683675,0.033475737,,,,
21-Dec-17,316.55,316.8683593,454168,3404,79607,-0.002206462,-0.220646178,0.033457424,,,,
22-Dec-17,319.85,320.753069,803103,6553,231418,0.010424893,1.042489338,0.033428743,,,,
26-Dec-17,316.85,317.1683758,1178637,3909,687561,-0.009379397,-0.937939659,0.033435002,,,,
27-Dec-17,314.15,315.3682693,2192876,7054,1056165,-0.008521382,-0.852138236,0.033438485,,,,
28-Dec-17,308.3,311.9000853,3225342,10829,2368684,-0.018621678,-1.862167754,0.03346501,,,,
29-Dec-17,309.5,310.1145879,2401083,6713,1180405,0.003892313,0.389231268,0.033463256,,,,
01-Jan-18,307.05,309.0730923,1725476,5796,1124954,-0.007915994,-0.791599354,0.033439505,,,,
02-Jan-18,302.9,303.7232981,1188380,8900,466651,-0.013515714,-1.351571405,0.033473967,,,,
03-Jan-18,302.85,304.2381087,806325,6812,343681,-0.000165071,-0.016507098,0.033469279,,,,
04-Jan-18,308.05,307.7383349,2863595,11094,1648589,0.017170216,1.717021628,0.033490701,,,,
05-Jan-18,306.2,307.0850596,1897329,7416,1129169,-0.006005519,-0.600551858,0.033500515,,,,
08-Jan-18,305.65,306.3527271,1043824,6178,585214,-0.001796212,-0.179621163,0.033502472,,,,
09-Jan-18,304.25,305.3106355,1620111,7012,856088,-0.004580402,-0.458040242,0.033508829,,,,
10-Jan-18,301.05,302.0418075,911368,8815,338862,-0.010517666,-1.051766639,0.033532923,,,,
11-Jan-18,302,301.9310581,746295,8727,302306,0.003155622,0.315562199,0.033531673,,,,
12-Jan-18,301.8,302.4393477,624189,4787,197973,-0.000662252,-0.066225166,0.033505184,,,,
15-Jan-18,302.25,303.1353161,1013072,8468,398671,0.001491054,0.149105368,0.033505146,,,,
16-Jan-18,296.15,298.5331655,951637,7670,368659,-0.020181969,-2.018196857,0.033565113,,,,
17-Jan-18,306.35,300.5526521,4250423,13234,2535862,0.034442006,3.444200574,0.03374098,,,,
18-Jan-18,302.75,310.6645639,3848730,18595,1519911,-0.011751265,-1.175126489,0.033760882,,,,
19-Jan-18,309.05,306.903686,2100878,10399,1086697,0.020809249,2.080924855,0.033821,,,,
22-Jan-18,306.25,306.3433506,1371793,6051,727811,-0.009060023,-0.906002265,0.033840867,,,,
23-Jan-18,318,315.0633671,2680572,18555,1242596,0.038367347,3.836734694,0.034049276,,,,
24-Jan-18,329.5,324.0279156,4061533,26140,1268374,0.036163522,3.616352201,0.034222852,,,,
25-Jan-18,313.15,318.276468,2511198,19114,587236,-0.049620637,-4.962063733,0.034650612,,,,
29-Jan-18,311.1,312.6938241,1897912,12641,761651,-0.006546384,-0.654638352,0.034652444,,,,
30-Jan-18,312.85,314.5718302,1516354,9902,446749,0.005625201,0.56252009,0.034638807,,,,
31-Jan-18,312.75,311.3797487,1593330,9634,619306,-0.000319642,-0.0319642,0.03452054,,,,
01-Feb-18,305.55,310.2101393,2992953,16984,797072,-0.023021583,-2.302158273,0.034590949,,,,
02-Feb-18,296.9,300.0674422,1746741,14663,531984,-0.028309606,-2.830960563,0.034739737,,,,
05-Feb-18,297.7,295.0792816,1100646,9262,195565,0.00269451,0.269450994,0.034580396,,,,
06-Feb-18,291.5,287.2918939,7376854,16778,5612241,-0.020826335,-2.082633524,0.034659939,,,,
07-Feb-18,292.75,293.2963362,1658643,10069,218492,0.004288165,0.428816467,0.034660268,,,,
08-Feb-18,301.45,298.8949086,1575362,9778,337390,0.02971819,2.971818958,0.034759187,,,,
09-Feb-18,296.4,297.7644304,1480654,11369,328317,-0.016752364,-1.675236358,0.034814002,,,,
12-Feb-18,288.5,289.1597883,2614328,21726,642095,-0.026653171,-2.665317139,0.034932999,,,,
14-Feb-18,276.8,280.8417717,4035985,25801,1642615,-0.040554593,-4.055459272,0.035162362,,,,
15-Feb-18,278.85,279.2790323,2897772,16577,971654,0.007406069,0.740606936,0.035167449,,,,
16-Feb-18,271.75,273.5753751,3887817,16314,2324787,-0.025461718,-2.546171777,0.035283216,,,,
19-Feb-18,267.65,262.8907249,3120693,22956,894204,-0.015087397,-1.50873965,0.035255713,,,,
20-Feb-18,269.65,269.9026157,3655220,14559,1470820,0.007472445,0.747244536,0.035261613,,,,
21-Feb-18,273.1,271.3576282,2068366,12916,753663,0.012794363,1.279436306,0.035281954,,,,
22-Feb-18,272.6,272.2831702,1232294,7750,419397,-0.001830831,-0.18308312,0.03528287,,,,
23-Feb-18,276.1,275.8945225,1803816,9220,858976,0.012839325,1.283932502,0.035297936,,,,
26-Feb-18,274.75,275.7413645,1976330,9379,1069308,-0.004889533,-0.488953278,0.035165482,,,,
27-Feb-18,267.8,269.0840327,2343314,13061,1131926,-0.025295723,-2.529572338,0.035271357,,,,
28-Feb-18,268.75,266.9165714,3090656,15604,1276064,0.003547423,0.354742345,0.035249556,,,,
01-Mar-18,262.55,264.4804743,3299546,25431,1546499,-0.023069767,-2.306976744,0.035154046,,,,
05-Mar-18,263.8,262.7409871,1259416,8924,312133,0.004760998,0.476099791,0.019172868,,,,
06-Mar-18,256.5,261.4345893,1478458,13163,552316,-0.027672479,-2.767247915,0.019332889,,,,
07-Mar-18,246.65,248.7045117,2370683,14479,1142292,-0.038401559,-3.840155945,0.019485399,,,,
08-Mar-18,256.75,251.6597298,1871880,14220,337373,0.040948713,4.094871275,0.020011124,,,,
09-Mar-18,253.15,253.9026579,970104,7431,143334,-0.014021422,-1.402142162,0.01995804,,,,
