Date,Open Price,High Price,Low Price,Close Price,WAP,No.of Shares,No. of Trades,Total Turnover (Rs.),Deliverable Quantity,% Deli. Qty to Traded Qty,Spread High-Low,Spread Close-Open
01-March-2016,160,163,159,162.2,161.1766347,2941008,27580,474021772,527295,17.93,4,2.2
02-March-2016,172.5,183,171,180.85,177.8135113,7051639,58218,1253876691,1623913,23.03,12,8.35
03-March-2016,184,184.75,178.55,182.5,181.3507991,3884782,32534,704508320,531084,13.67,6.2,-1.5
04-March-2016,183.4,189.8,178.55,188.4,185.1478315,4418205,36358,818021075,663256,15.01,11.25,5
08-March-2016,187,187.5,181.4,183.65,184.2446656,3064239,32605,564569690,582672,19.02,6.1,-3.35
09-March-2016,180.65,183.95,178.8,183.45,181.6449939,2757274,20896,500845019,353245,12.81,5.15,2.8
10-March-2016,184.5,184.8,179.45,180.65,181.6252031,2264920,15888,411366555,390656,17.25,5.35,-3.85
11-March-2016,180.2,182.65,177.7,180.35,180.382986,2656995,18971,479276692,403859,15.2,4.95,0.15
14-March-2016,182.35,183.4,180.7,181.9,181.8855223,1627470,12206,296013231,354007,21.75,2.7,-0.45
15-March-2016,182,186.1,181.85,185.25,184.6388843,2106123,16233,388872201,514301,24.42,4.25,3.25
16-March-2016,184.8,185.9,181.65,185.1,184.075155,1853901,14000,341257114,260725,14.06,4.25,0.3
17-March-2016,188,189.25,184.65,186.15,187.5999568,2004636,20417,376069627,404867,20.2,4.6,-1.85
18-March-2016,186.45,192,186,191.05,188.9771227,2161579,18273,408488980,535896,24.79,6,4.6
21-March-2016,193.75,197.15,193.15,196.65,195.3276745,1890663,20604,369298807,489497,25.89,4,2.9
22-March-2016,197.7,198,194.5,197.4,196.410203,1983301,16043,389540552,332781,16.78,3.5,-0.3
23-March-2016,197,197.45,195.2,196.8,196.4895841,1151510,10647,226259721,178767,15.52,2.25,-0.2
28-March-2016,196.8,198.05,187.7,188.45,192.1396835,2165388,18824,416056965,671045,30.99,10.35,-8.35
29-March-2016,188.8,191.25,186.8,189.5,189.5860037,1639587,13455,310842747,299903,18.29,4.45,0.7
30-March-2016,191.5,198.25,190.6,197.55,194.8584559,2149916,18022,418929312,467936,21.77,7.65,6.05
31-March-2016,198,198.75,192.7,194.3,195.9558685,2515892,24894,493003802,443053,17.61,6.05,-3.7
01-April-2016,194,197.25,192.05,195.7,194.9638105,2072396,18337,404042221,295360,14.25,5.2,1.7
04-April-2016,198,198,192.9,195,195.1830292,1632477,14394,318631806,384521,23.55,5.1,-3
05-April-2016,193,194.65,183.45,184.5,189.2306774,4328825,42377,819146487,1302158,30.08,11.2,-8.5
06-April-2016,185,185.65,182.5,183.95,184.0999709,1778378,17536,327399338,337447,18.97,3.15,-1.05
07-April-2016,184.05,185.65,181.15,182.1,183.2759292,1857411,18432,340418727,261610,14.08,4.5,-1.95
08-April-2016,181.2,183.8,180.35,183.1,182.6621027,1546393,13944,282467397,294719,19.06,3.45,1.9
11-April-2016,183.6,188.9,182,188.15,185.4021392,2004726,16964,371680489,497665,24.82,6.9,4.55
12-April-2016,188.3,190,186.4,187.7,188.2868703,1402477,12390,264068005,225081,16.05,3.6,-0.6
13-April-2016,191.1,193.7,190.85,191.75,192.1547769,1890928,16320,363350848,518348,27.41,2.85,0.65
18-April-2016,191.65,191.7,185.8,186.85,187.4566597,1276445,12911,239278116,379273,29.71,5.9,-4.8
20-April-2016,188.4,188.65,184.3,187.3,186.6356961,1965713,19781,366872214,358032,18.21,4.35,-1.1
21-April-2016,190,197.35,190,194.2,194.7799869,3115164,24971,606771603,729686,23.42,7.35,4.2
22-April-2016,193.05,201.25,191.8,199.9,198.5448289,4435130,33782,880572127,917135,20.68,9.45,6.85
25-April-2016,201,202.5,195.95,197.3,199.4815175,2266852,18743,452195077,412069,18.18,6.55,-3.7
26-April-2016,196.65,201.4,194.6,200.85,198.7614535,2179231,20559,433147121,340926,15.64,6.8,4.2
27-April-2016,201.1,201.1,196,196.5,198.0231749,1603074,16082,317445803,369148,23.03,5.1,-4.6
28-April-2016,196.5,198.25,191.5,192.15,193.9209141,2591182,18650,502484382,583717,22.53,6.75,-4.35
29-April-2016,191.65,194,186.65,188.95,189.8649319,2639631,21800,501173360,545203,20.65,7.35,-2.7
02-May-2016,188,188.5,186,186.4,186.997318,1384041,14564,258811955,347507,25.11,2.5,-1.6
03-May-2016,187.3,189.3,183.75,184.2,186.5094915,1917761,18122,357680629,435171,22.69,5.55,-3.1
04-May-2016,183.95,184.25,179.6,180.1,181.850018,2083677,20292,378916700,539650,25.9,4.65,-3.85
05-May-2016,180.55,182.4,178.6,180.45,180.4632627,2396487,18272,432477863,376501,15.71,3.8,-0.1
06-May-2016,180.5,185,180.2,184.4,183.0454344,2299426,19286,420899431,460696,20.04,4.8,3.9
09-May-2016,186.15,189.2,185.25,188.65,187.2343222,1469707,14207,275179594,398957,27.15,3.95,2.5
10-May-2016,188.5,190,186.85,189.3,188.8123684,1197693,11252,226139252,210576,17.58,3.15,0.8
11-May-2016,185.65,188.6,184.3,184.95,186.3734906,1420234,13094,264693968,383715,27.02,4.3,-0.7
12-May-2016,187.1,189.4,185.45,188.4,187.2647512,2216583,15623,415087864,847415,38.23,3.95,1.3
13-May-2016,187.15,187.6,184.4,185,185.2812771,2424054,12635,449131821,1122227,46.3,3.2,-2.15
16-May-2016,185,185,175.4,177.2,177.5031484,4356015,36019,773206377,1770099,40.64,9.6,-7.8
17-May-2016,178.5,178.95,175.3,177.05,176.8587559,3425424,21239,605816227,1465127,42.77,3.65,-1.45
18-May-2016,177.1,180.55,173.65,180.2,178.5789615,2611488,21113,466356815,561680,21.51,6.9,3.1
19-May-2016,181,181,172.05,172.9,175.7061909,3330710,23001,585226367,1438997,43.2,8.95,-8.1
20-May-2016,173,174.7,170.7,171.45,172.6543891,2496808,21811,431084860,872400,34.94,4,-1.55
23-May-2016,172.8,172.85,168.5,168.95,169.8636883,2468012,17885,419225621,961307,38.95,4.35,-3.85
24-May-2016,168.95,170.7,166.6,169.55,168.2426695,1700663,15131,286124083,420413,24.72,4.1,0.6
25-May-2016,171.2,175.75,171.2,175.15,173.8812802,1698436,13518,295326226,586639,34.54,4.55,3.95
26-May-2016,175.8,184.9,173.6,183.75,179.5273505,3110660,26023,558448548,844889,27.16,11.3,7.95
27-May-2016,185,202,181.55,195.55,189.4881651,11408487,89515,2161773268,2025809,17.76,20.45,10.55
30-May-2016,200.05,203.8,194.8,198.65,198.6277264,4293641,43244,852836150,845695,19.7,9,-1.4
31-May-2016,198.75,205.6,196.55,204.85,201.5173992,4087878,31701,823778543,855726,20.93,9.05,6.1
01-June-2016,206,207.95,196.5,197.9,202.6640368,4105938,39435,832125970,752540,18.33,11.45,-8.1
02-June-2016,198,202.25,195.8,200.55,199.105458,2657049,29673,529032958,306607,11.54,6.45,2.55
03-June-2016,201,202.4,195.4,196.5,198.8341634,2884550,21765,573547086,678211,23.51,7,-4.5
06-June-2016,197.25,202.3,197.1,199.05,199.5228353,1953139,18960,389695831,266652,13.65,5.2,1.8
07-June-2016,200,210.9,200,209.8,205.9060058,6382200,58804,1314133310,1412557,22.13,10.9,9.8
08-June-2016,210.55,211.85,207.5,210.4,210.2178551,2900015,26079,609634933,432231,14.9,4.35,-0.15
09-June-2016,210,212.8,208.65,210,210.5885232,2650120,22802,558084857,469360,17.71,4.15,0
10-June-2016,209.05,211.5,205.5,206.2,208.2494541,2497938,21608,520194225,496405,19.87,6,-2.85
13-June-2016,200.8,204,200.3,202.2,201.7183486,1673001,14828,337474999,276273,16.51,3.7,1.4
14-June-2016,204.1,208.25,204,207.55,206.1061108,1969658,16443,405958550,263121,13.36,4.25,3.45
15-June-2016,209.9,217.4,208.55,215.65,213.8037911,5696454,43650,1217923461,905325,15.89,8.85,5.75
16-June-2016,216.2,218.5,213.1,215.7,215.7738951,5088435,38037,1097951440,714761,14.05,5.4,-0.5
17-June-2016,216.9,217.65,211.6,213.4,214.7670431,2647601,21118,568617438,622993,23.53,6.05,-3.5
20-June-2016,208,216.6,208,215.8,213.8480041,2736791,22450,585257293,416306,15.21,8.6,7.8
21-June-2016,215.15,217.55,213.2,213.9,215.4575449,1893257,13568,407916505,361189,19.08,4.35,-1.25
22-June-2016,214,215.3,211.6,212.8,213.4636144,1497501,12091,319661976,298925,19.96,3.7,-1.2
23-June-2016,213.3,217.95,212.9,217.4,215.8852396,2164301,18887,467240640,604982,27.95,5.05,4.1
24-June-2016,207,212,202.55,211.25,207.9295395,6277616,43677,1305301804,1253234,19.96,9.45,4.25
27-June-2016,211.25,218.7,210.35,217.1,216.4199951,3435350,23651,743478430,567663,16.52,8.35,5.85
28-June-2016,217.4,218.65,215.7,216.3,216.8902343,1742439,14904,377918003,287993,16.53,2.95,-1.1
29-June-2016,217.65,218.7,216.2,217.2,217.5312084,1575472,12853,342714328,257506,16.34,2.5,-0.45
30-June-2016,220,221.8,217.9,218.65,220.0747679,2125658,18603,467803691,465541,21.9,3.9,-1.35
01-July-2016,220.5,220.95,218.9,219.65,219.9482078,1369667,10474,301255802,288917,21.09,2.05,-0.85
04-July-2016,221.65,224.4,221.65,222.85,223.1365507,1694016,13429,377996887,491729,29.03,2.75,1.2
05-July-2016,223,225,221.7,223,223.5457808,1479156,13376,330659083,446265,30.17,3.3,0
07-July-2016,223.5,224.75,219.25,220.5,222.4091819,1203631,11221,267698586,293186,24.36,5.5,-3
08-July-2016,220.95,221,216.55,218.4,218.1721589,1468887,11752,320470248,337276,22.96,4.45,-2.55
11-July-2016,223.05,225.35,222,224.6,223.6174511,1864141,15329,416854459,656361,35.21,3.35,1.55
12-July-2016,224.6,227.1,224.05,226.45,225.9379129,1584372,12810,357969703,414673,26.17,3.05,1.85
13-July-2016,227.75,228.4,224.05,227.2,226.8608175,2011848,16991,456409482,332203,16.51,4.35,-0.55
14-July-2016,227.2,232.8,226.1,231.75,230.6592448,2271813,24205,524014671,578899,25.48,6.7,4.55
15-July-2016,233,234.45,230.9,231.5,232.467544,1457142,12037,338738222,304920,20.93,3.55,-1.5
18-July-2016,232.4,233.85,228,228.6,231.4562801,1644047,12638,380525003,444679,27.05,5.85,-3.8
19-July-2016,229.05,232,226.8,229.7,229.8446258,2947098,18229,677374637,984840,33.42,5.2,0.65
20-July-2016,231.9,232.5,229.45,230.9,231.2384551,1885839,13435,436078497,639702,33.92,3.05,-1
21-July-2016,231.9,232.1,224.2,225.6,228.8635748,1360277,12720,311317857,342879,25.21,7.9,-6.3
22-July-2016,225.55,225.65,222.15,223.45,223.8010387,1820228,12795,407368917,686207,37.7,3.5,-2.1
25-July-2016,223.95,231,222.7,229.85,228.7177403,2884964,14680,659842447,1139993,39.51,8.3,5.9
26-July-2016,230,232,225.5,226.5,229.2331146,1659171,14795,380336936,493197,29.73,6.5,-3.5
27-July-2016,227.15,230.95,226.8,228.65,228.5100546,2325398,14157,531376824,753346,32.4,4.15,1.5
28-July-2016,229.5,235,229.25,230.95,232.4425532,3603185,20690,837533521,1543724,42.84,5.75,1.45
29-July-2016,230.7,232.6,228.35,229.05,230.4014809,2651546,16121,610920125,1106237,41.72,4.25,-1.65
01-August-2016,230.95,232.6,225.65,227.45,228.572782,1512895,11764,345806619,386711,25.56,6.95,-3.5
02-August-2016,229.55,230.9,227,227.85,228.3891502,2601548,15063,594165337,1145991,44.05,3.9,-1.7
03-August-2016,228.7,230.35,225.5,226.55,228.0972157,3330171,13626,759602733,1397027,41.95,4.85,-2.15
04-August-2016,228.15,228.55,223.2,225.55,225.6575057,2299974,12173,519006396,978693,42.55,5.35,-2.6
05-August-2016,226.3,233.7,226.3,232.8,231.8840402,2098848,16398,486689354,710554,33.85,7.4,6.5
08-August-2016,233.9,235.9,231.65,233.05,233.3664654,3492581,13613,815051283,1573155,45.04,4.25,-0.85
09-August-2016,234.8,237.65,232.3,234.6,234.7954448,6467422,29071,1518521225,3099611,47.93,5.35,-0.2
10-August-2016,237,237,230.75,231.5,232.7581562,2864171,13708,666659161,1201471,41.95,6.25,-5.5
11-August-2016,231.9,233.4,225.9,226.95,227.7852671,2675375,12925,609411009,1054965,39.43,7.5,-4.95
12-August-2016,226.95,247.7,224.4,243.2,240.5693135,13529278,79636,3254729121,4593414,33.95,23.3,16.25
16-August-2016,245.2,247.8,242.4,246.45,245.1536634,2760169,19635,676665542,357023,12.93,5.4,1.25
17-August-2016,246.1,249.55,244.4,246.25,246.5760843,1971354,14238,486088750,300876,15.26,5.15,0.15
18-August-2016,246.05,250.25,246.05,248.2,248.766099,1964823,12087,488781353,453219,23.07,4.2,2.15
19-August-2016,255,260,254,258.5,257.0311518,4802713,32141,1234446854,1184056,24.65,6,3.5
22-August-2016,259.1,260.5,254.1,254.95,256.8580793,2086475,15797,535927961,553655,26.54,6.4,-4.15
23-August-2016,256,256,251.1,254.6,253.2754631,1460722,13600,369965041,316048,21.64,4.9,-1.4
24-August-2016,254.75,256.05,253.55,254.65,254.6993618,1178370,9140,300130087,265215,22.51,2.5,-0.1
25-August-2016,254.7,255.55,248.7,250.05,252.6514873,1320124,10842,333531292,395691,29.97,6.85,-4.65
26-August-2016,250.4,250.7,246.1,246.7,247.9136886,1506070,11229,373375369,267598,17.77,4.6,-3.7
29-August-2016,246.05,249.65,244.5,248.75,245.6663053,2861529,10510,702981257,1855941,64.86,5.15,2.7
30-August-2016,249.15,252.8,249.15,252.2,251.5036296,1080568,9191,271766774,243670,22.55,3.65,3.05
31-August-2016,252.5,255.4,251.25,252.55,253.8150833,1464389,11658,371684016,333597,22.78,4.15,0.05
01-September-2016,252.45,254.65,251,251.75,253.0488128,1111984,10373,281386231,274431,24.68,3.65,-0.7
02-September-2016,252.1,254.9,251.85,254.35,253.7139093,968151,8527,245633375,288789,29.83,3.05,2.25
06-September-2016,257,260.8,256.05,259.45,258.6290573,3123299,19611,807775876,1536020,49.18,4.75,2.45
07-September-2016,262.45,270,260.4,266.55,266.9860314,5797566,28369,1547869138,2312354,39.88,9.6,4.1
08-September-2016,268,271.55,266.9,267.95,268.383448,2851299,16135,765241457,1208197,42.37,4.65,-0.05
09-September-2016,268.55,268.55,263.25,264,264.9848982,2728756,13805,723079131,1392227,51.02,5.3,-4.55
12-September-2016,257.7,258.85,251.7,252.7,254.6638541,1692033,17295,430899645,652994,38.59,7.15,-5
14-September-2016,254.25,258,253.15,257.6,256.0889869,964097,8470,246894624,184707,19.16,4.85,3.35
15-September-2016,258.05,258.55,254.2,255.8,255.3381387,2156707,10235,550689551,1094440,50.75,4.35,-2.25
16-September-2016,257.35,261.9,253.6,254.4,258.6527359,1941142,12223,502081689,715422,36.86,8.3,-2.95
19-September-2016,255.5,258.3,255.15,255.65,256.1635897,2773389,9783,710441282,1681275,60.62,3.15,0.15
20-September-2016,256.05,256.6,253.2,254.25,254.6083738,2128453,8960,541921957,1214082,57.04,3.4,-1.8
21-September-2016,254.5,256,250.75,251.35,253.6250233,3219387,14344,816517103,2195995,68.21,5.25,-3.15
22-September-2016,257,258.35,255.2,257.35,256.3854545,3545874,18724,909110517,1947618,54.93,3.15,0.35
23-September-2016,258.4,258.7,253.7,254.4,256.3742616,2274898,10060,583225295,1118561,49.17,5,-4
26-September-2016,254.4,254.4,250.65,251.65,253.3244389,2660045,9639,673854407,1952727,73.41,3.75,-2.75
27-September-2016,252.35,253.95,248.3,248.95,250.5929786,1840643,11040,461252212,943668,51.27,5.65,-3.4
28-September-2016,250,255.7,248,253.5,253.5770585,3346226,12732,848526146,1772674,52.98,7.7,3.5
29-September-2016,254.95,256.75,243.5,247.15,249.161368,1968079,15921,490369256,587092,29.83,13.25,-7.8
30-September-2016,246.1,252.5,245.6,250.7,249.9099117,1417765,10621,354313526,305353,21.54,6.9,4.6
03-October-2016,252.6,257,252.6,255.2,255.1397637,2078880,12087,530404952,1030751,49.58,4.4,2.6
04-October-2016,256.4,261.5,253.85,259.25,257.4396007,5202146,23536,1339238389,1833937,35.25,7.65,2.85
05-October-2016,262.05,264.6,259.65,260.55,262.2745854,3191168,19519,836962264,1383272,43.35,4.95,-1.5
06-October-2016,261.7,261.9,255.8,256.85,259.1820466,1416758,10342,367198238,400339,28.26,6.1,-4.85
07-October-2016,257,259.45,255.05,258.25,257.0697377,3479926,15927,894583664,1664061,47.82,4.4,1.25
10-October-2016,259,260.2,255.35,256,256.7424345,2377551,10348,610418232,1320440,55.54,4.85,-3
13-October-2016,255.4,255.4,246.1,249.7,249.776711,1557775,11343,389095916,507155,32.56,9.3,-5.7
14-October-2016,251.25,253.3,249.7,251.9,251.9810693,3474567,14501,875525108,1724454,49.63,3.6,0.65
17-October-2016,254,256.3,251.9,253.1,253.8085596,3033994,15016,770053647,1347555,44.42,4.4,-0.9
18-October-2016,254.85,257.45,253.75,256.9,255.0663154,4550935,13879,1160790222,2665897,58.58,3.7,2.05
19-October-2016,257.3,257.95,254.3,254.8,255.4198238,4161624,12316,1062961269,2201691,52.9,3.65,-2.5
20-October-2016,255.05,260.4,255.05,259.95,259.2278035,3227303,16134,836606668,1287807,39.9,5.35,4.9
21-October-2016,260,260,255.75,258.4,257.4553616,1880556,8348,484159225,671403,35.7,4.25,-1.6
24-October-2016,259.9,264.75,258,262.85,262.5236119,4163083,14273,1092907586,2547793,61.2,6.75,2.95
25-October-2016,264,264.65,260.75,261.3,261.7420947,2362503,10081,618366484,1392960,58.96,3.9,-2.7
26-October-2016,261.3,264.75,257,259.05,260.9746286,1397639,10618,364748319,508241,36.36,7.75,-2.25
27-October-2016,259,259,254.4,255.05,255.4404523,2609234,12289,666503913,1477731,56.63,4.6,-3.95
28-October-2016,256.65,258.55,253.7,257.85,256.9482317,2277165,10260,585113520,1088204,47.79,4.85,1.2
30-October-2016,259.3,260,257,257.85,258.2962915,306968,3690,79288696,100942,32.88,3,-1.45
01-November-2016,257.5,260.1,256.85,258.4,258.6563778,2395509,10980,619613681,1037003,43.29,3.25,0.9
02-November-2016,254.4,255.5,247,251.3,252.1299615,1073249,9407,270598229,291571,27.17,8.5,-3.1
03-November-2016,250.9,252.8,245,245.65,248.7698327,1287155,12070,320205334,418710,32.53,7.8,-5.25
04-November-2016,246.2,248.5,240.55,242.85,243.3383771,1192300,10802,290132347,256499,21.51,7.95,-3.35
07-November-2016,248,254,245.75,252.7,250.5311448,1120508,10457,280722152,332690,29.69,8.25,4.7
08-November-2016,254,254,248.9,252.6,251.3366447,758203,7188,190564198,209702,27.66,5.1,-1.4
09-November-2016,239.5,261,231,259.75,251.566307,4029745,32037,1013748068,631466,15.67,30,20.25
10-November-2016,267,283.9,265.3,281.6,278.2126758,5967067,52446,1660113677,1504529,25.21,18.6,14.6
11-November-2016,278.95,288.5,270.7,272.9,278.1125965,5886310,47654,1637056958,804539,13.67,17.8,-6.05
15-November-2016,275.95,283.35,271,278.1,277.3987271,5272341,30962,1462540682,2175110,41.26,12.35,2.15
16-November-2016,283.4,285,276.1,277.15,278.7813501,2460911,20783,686056091,691839,28.11,8.9,-6.25
17-November-2016,277.25,282.4,276,277.65,279.2748967,3027795,21875,845587136,1004903,33.19,6.4,0.4
18-November-2016,278.4,279.95,274.75,275.7,277.0172422,1886242,15938,522521557,522323,27.69,5.2,-2.7
21-November-2016,276.3,277.8,256.25,257.75,264.5454233,2569703,21241,679803168,608207,23.67,21.55,-2018.55
22-November-2016,261.5,262.4,251.45,257.4,256.457214,2450360,21976,628412499,345863,14.11,10.95,-4.1
23-November-2016,260.8,260.8,254.9,258.75,257.9271895,1559253,11409,402173744,239375,15.35,5.9,-2.05
24-November-2016,258.4,262.9,254.65,261.7,260.3648233,1900846,15643,494913433,380318,20.01,8.25,3.3
25-November-2016,263.8,264.65,258.6,260.95,261.2464625,1791027,13110,467899468,407888,22.77,6.05,-2.85
28-November-2016,253.7,257.7,248.2,253.6,254.5587375,2096208,20610,533608062,505439,24.11,9.5,-0.1
29-November-2016,254.6,256.5,252.1,252.95,254.615088,1185549,10507,301858663,330008,27.84,4.4,-1.65
30-November-2016,254.4,259.9,252.75,258.4,256.4795305,1653267,11570,424029144,491255,29.71,7.15,4
01-December-2016,259.9,260.95,254.75,255.75,256.915038,1453568,10786,373443478,380543,26.18,6.2,-4.15
02-December-2016,253.3,261.25,253,254.4,256.1167319,2128604,17524,545171100,318806,14.98,8.25,1.1
05-December-2016,254.5,257.3,253.3,256.7,255.6888403,993911,8015,254131951,301606,30.35,4,2.2
06-December-2016,258.8,260,256.45,259.15,258.691612,1242889,8382,321524959,360654,29.02,3.55,0.35
07-December-2016,260.05,262.5,252,255.35,258.3589361,2725215,21692,704083648,582830,21.39,10.5,-4.7
08-December-2016,258.75,260.5,258.05,259.75,259.3196594,944646,7081,244965279,265930,28.15,2.45,1
09-December-2016,260.95,266.5,258.7,266,264.3861699,2130847,14473,563366477,816321,38.31,7.8,5.05
12-December-2016,269.45,269.45,262.4,263.4,266.3310282,1599873,11672,426095821,506713,31.67,7.05,-6.05
13-December-2016,264.85,266.25,261.8,265.5,264.1765924,988072,8921,261025494,216307,21.89,4.45,0.65
14-December-2016,265.5,266.2,262.2,262.7,263.6853625,794810,8567,209579763,271657,34.18,4,-2.8
15-December-2016,259.35,267.5,259.25,265,264.9284294,1578399,15614,418162768,374754,23.74,8.25,5.65
16-December-2016,265.7,268.25,263.25,264.75,264.6406725,813798,10196,215364050,258653,31.78,5,-0.95
19-December-2016,263.05,264.4,260.85,261.4,262.4650272,560178,5738,147027134,214744,38.33,3.55,-1.65
20-December-2016,261.25,262.95,253.25,254.55,255.9618088,1467511,13511,375626770,387291,26.39,9.7,-6.7
21-December-2016,256.55,257.95,254.15,255.15,255.9812764,801075,7665,205060201,158371,19.77,3.8,-1.4
22-December-2016,254,254.25,248.45,249.75,250.3936414,2080442,11844,520929448,1089394,52.36,5.8,-4.25
23-December-2016,249.95,251.7,248.05,249.25,249.9141467,889308,8392,222250650,193283,21.73,3.65,-0.7
26-December-2016,248.75,248.75,243.7,244.1,245.4200116,781838,8600,191878691,226477,28.97,5.05,-4.65
27-December-2016,243.6,249.9,243.1,248.7,245.7306264,878824,9306,215953972,183787,20.91,6.8,5.1
28-December-2016,249.65,252.35,246.7,247.25,249.4160775,1331062,11962,331988263,372486,27.98,5.65,-2.4
29-December-2016,248,248.9,245.75,247.55,247.4196673,754686,7137,186724159,215362,28.54,3.15,-0.45
30-December-2016,247.55,252.45,247.5,249.75,250.6679349,1781491,21107,446562670,785890,44.11,4.95,2.2
02-Jan-2017,252.75,253.5,242.8,243.6,244.8461462,2429618,26779,594882604,909379,37.43,10.7,-9.15
03-Jan-2017,243.6,246.3,241.1,244.85,244.4609824,1524646,14539,372716459,354956,23.28,5.2,1.25
04-Jan-2017,245.2,246.45,242.5,242.9,243.9372691,1271447,11180,310153309,374398,29.45,3.95,-2.3
05-Jan-2017,244.95,246,244.05,245.45,245.1878622,1025688,9359,251486248,270312,26.35,1.95,0.5
06-Jan-2017,246,248.95,245.3,245.95,247.1682384,1050117,9851,259555569,267654,25.49,3.65,-0.05
09-Jan-2017,246.55,248.2,246.1,247,247.0326541,594964,5835,146975536,163880,27.54,2.1,0.45
10-Jan-2017,247.5,248.9,246.4,247.85,247.5519978,667028,7428,165124114,181300,27.18,2.5,0.35
11-Jan-2017,248.1,253.15,248.1,251.9,251.1722736,2441459,14185,613226808,1057808,43.33,5.05,3.8
12-Jan-2017,252.35,254.3,250.55,251.1,252.0291188,1755393,11373,442410151,800354,45.59,3.75,-1.25
13-Jan-2017,252.05,252.95,248.85,250.9,250.7637768,1635559,9310,410138952,637607,38.98,4.1,-1.15
16-Jan-2017,251.05,256.4,250.75,255.75,254.0796301,1147858,11309,291647336,354435,30.88,5.65,4.7
17-Jan-2017,256.6,258.55,254.65,256.15,256.8320478,887020,8145,227815163,219092,24.7,3.9,-0.45
18-Jan-2017,256.5,259,256.5,257.6,257.6984673,761642,7495,196273976,235216,30.88,2.5,1.1
19-Jan-2017,257,261.8,256.65,258.3,259.1625928,1557394,11985,403618267,664585,42.67,5.15,1.3
20-Jan-2017,258.8,260.55,250.4,251,254.9000786,1536608,11162,391681500,626458,40.77,10.15,-7.8
23-Jan-2017,251,254.95,250.2,254.1,253.4047017,1141206,7711,289186966,510677,44.75,4.75,3.1
24-Jan-2017,255.1,256.95,254.25,254.7,255.2323822,1280279,10284,326768659,623888,48.73,2.7,-0.4
25-Jan-2017,255.1,261,254.25,259.3,256.5029488,2082222,11950,534096083,1238652,59.49,6.75,4.2
27-Jan-2017,260,268.25,259.5,266.5,264.7817624,2597953,20956,687890574,999678,38.48,8.75,6.5
30-Jan-2017,266,267.7,262.6,263,264.9662591,1972593,13173,522670588,762213,38.64,5.1,-3
31-Jan-2017,262.65,263.9,259.45,260,261.0516518,1393891,8891,363877548,589801,42.31,4.45,-2.65
01-Feb-2017,261.6,271.65,261,270.3,267.3107893,4767253,27960,1274338162,1612169,33.82,10.65,8.7
02-Feb-2017,271.1,274.7,268.6,272.7,272.0731946,4939979,19815,1344035868,3087740,62.51,6.1,1.6
03-Feb-2017,273,278.05,272,277.4,276.1685393,3954087,15133,1091994431,2112473,53.43,6.05,4.4
06-Feb-2017,279.1,282.45,276,277.05,279.4351232,1742387,13552,486884126,497855,28.57,6.45,-2.05
07-Feb-2017,278,279.6,276.2,277.5,277.961323,2507178,10208,696898514,1305698,52.08,3.4,-0.5
08-Feb-2017,277.8,279.2,273,277.3,276.2923428,2999403,17557,828712082,1354916,45.17,6.2,-0.5
09-Feb-2017,278.3,280.2,271.05,275.85,275.3222847,1953369,10809,537806016,699507,35.81,9.15,-2.45
10-Feb-2017,278.05,282.45,275,276.25,279.5082111,5531109,32297,1545990382,1932410,34.94,7.45,-1.8
13-Feb-2017,277.95,278.35,270.2,271.4,272.7772097,1535861,14571,418947878,384586,25.04,8.15,-6.55
14-Feb-2017,273.4,273.4,268.1,270.5,270.7938268,1834821,8041,496858200,1084595,59.11,5.3,-2.9
15-Feb-2017,270.55,272.4,267.1,268.65,269.3155682,1425318,9587,383860327,501413,35.18,5.3,-1.9
16-Feb-2017,276.5,277,269.8,270.4,271.3789459,3218188,15951,873348467,1509833,46.92,7.2,-6.1
17-Feb-2017,270.9,273.7,267.75,268.8,269.1610803,2822028,12943,759580105,1514442,53.67,5.95,-2.1
20-Feb-2017,269.35,271.5,268.1,269.25,269.2570325,1645609,6876,443091796,989804,60.15,3.4,-0.1
21-Feb-2017,269.45,271.25,268.7,270.65,270.0464861,1022457,7820,276110920,398980,39.02,2.55,1.2
22-Feb-2017,271.25,274.5,269.55,271.8,272.7725686,1557349,13220,424802087,681089,43.73,4.95,0.55
23-Feb-2017,271.9,273,269.8,270.5,271.3000187,2294677,9334,622545913,1167047,50.86,3.2,-1.4
27-Feb-2017,271,271.5,267.6,268.15,268.8761781,1932776,7892,519677424,1184938,61.31,3.9,-2.85
28-Feb-2017,268.3,271,268.2,269.2,269.5421363,578290,5592,155873522,169309,29.28,2.8,0.9
01-March-2017,270,273.1,270,271.95,271.7593612,1157627,6638,314595974,518892,44.82,3.1,1.95
02-March-2017,273.5,274.6,265.9,267,270.6207256,1130527,9302,305944037,312546,27.65,8.7,-6.5
03-March-2017,266,268.6,264.5,265.15,265.9050899,763059,7435,202901272,276910,36.29,4.1,-0.85
06-March-2017,265.55,270.45,265.55,269.9,268.4930135,623060,5661,167287257,236727,37.99,4.9,4.35
07-March-2017,270.3,271,266.45,268.05,268.1847833,441030,4456,118277535,101017,22.9,4.55,-2.25
08-March-2017,268.5,270.25,266.05,269.7,268.3938046,1250732,7569,335688720,400540,32.02,4.2,1.2
09-March-2017,269.85,273.8,268.5,273.2,271.7278056,2253195,12025,612255733,1335621,59.28,5.3,3.35
10-March-2017,274.8,275.65,269.7,272.05,271.499913,2350135,7220,638061448,1764933,75.1,5.95,-2.75
14-March-2017,278,279,273.95,274.7,275.5800661,998562,9550,275183782,359562,36.01,5.05,-3.3
15-March-2017,272.5,280,272.5,277.4,278.0114934,1481548,12056,411887372,495187,33.42,7.5,4.9
16-March-2017,278.8,280,276.1,278.95,278.6515962,3721429,11865,1036982131,2434179,65.41,3.9,0.15
17-March-2017,279.6,279.6,273.5,274.1,275.497382,1281510,7612,353052650,540316,42.16,6.1,-5.5
20-March-2017,275,275,272,274,272.3801421,8106217,5342,2207972538,7704579,95.05,3,-1
21-March-2017,274,277,270.2,272.3,273.0934363,1142201,7715,311927596,327473,28.67,6.8,-1.7
22-March-2017,271.4,271.4,267,267.65,268.8348527,932422,7749,250667531,368579,39.53,4.4,-3.75
23-March-2017,268.55,269.45,266.65,268.5,268.0905209,849174,5883,227655500,412239,48.55,2.8,-0.05
24-March-2017,269.95,278.75,268.7,276.05,275.1928341,1912571,15508,526325834,683197,35.72,10.05,6.1
27-March-2017,276.3,280.7,275.3,279.35,278.5104527,1533913,13179,427210804,525720,34.27,5.4,3.05
28-March-2017,280,282.9,278.6,282.15,280.1947995,4603318,14091,1289825764,3716514,80.74,4.3,2.15
29-March-2017,282.95,289.55,282.5,287.75,287.3945055,18346222,16713,5272603399,16423592,89.52,7.05,4.8
30-March-2017,288.35,293.5,288.15,290,290.8978234,1974483,13017,574372807,740706,37.51,5.35,1.65
31-March-2017,292.4,294.25,288.55,292.6,292.2042593,2076728,15316,606828767,447326,21.54,5.7,0.2
03-April-2017,294.3,295.5,291.5,293.15,293.7770509,1077883,8604,316657289,280841,26.05,4,-1.15
05-April-2017,292.85,298.65,289.75,296.7,295.67133,2401978,13564,710196030,881098,36.68,8.9,3.85
06-April-2017,295.7,297.55,291.6,292.7,294.1253175,2089915,10163,614696913,794732,38.03,5.95,-3
07-April-2017,292.1,294.7,288.05,289.4,291.996505,1587699,7900,463602559,550407,34.67,6.65,-2.7
10-April-2017,289.4,290.3,286.5,289,288.734811,1215367,6812,350918761,516313,42.48,3.8,-0.4
11-April-2017,289.8,294.5,289.05,293.7,292.593463,1261467,7389,369096998,491160,38.94,5.45,3.9
12-April-2017,294,295.5,289.2,290.1,291.0883409,1377460,6900,400962546,571928,41.52,6.3,-3.9
13-April-2017,289.3,292.9,289.3,291,290.7543115,1722889,7278,500937405,499109,28.97,3.6,1.7
17-April-2017,291.45,292.5,288.55,289.65,289.4864624,1239658,5963,358864209,586938,47.35,3.95,-1.8
18-April-2017,290.5,296.4,288.5,290.15,293.1817513,1485051,9914,435389853,467603,31.49,7.9,-0.35
19-April-2017,291.9,293,283.2,284.2,286.9317209,1484320,9532,425898492,429859,28.96,9.8,-7.7
20-April-2017,284.2,287.1,282.15,284.9,284.5955866,964058,15637,274366652,218592,22.67,4.95,0.7
21-April-2017,286.5,286.9,279.35,282.15,283.3103569,1272216,7596,360431969,283984,22.32,7.55,-4.35
24-April-2017,282.5,287.35,281,285.55,284.5178306,765144,8017,217697111,209917,27.43,6.35,3.05
25-April-2017,287.9,288.6,285.05,286,286.5164881,650865,8826,186483554,196119,30.13,3.55,-1.9
26-April-2017,286.5,289.15,283.35,286.4,286.8696911,810712,7061,232568701,185134,22.84,5.8,-0.1
27-April-2017,286,287.8,281,281.95,284.0818832,949975,6170,269870687,285190,30.02,6.8,-4.05
28-April-2017,283.05,290.5,282.6,289.45,286.8588361,1114024,7730,319567628,278002,24.95,7.9,6.4
02-May-2017,290.8,292.5,287.1,288.25,289.6977832,866004,6838,250879439,272998,31.52,5.4,-2.55
03-May-2017,288.7,293.15,285.8,289.35,289.4190934,1111318,7341,321636648,240049,21.6,7.35,0.65
04-May-2017,293.1,299.8,293.1,298.8,296.3484564,2582802,16567,765409386,859345,33.27,6.7,5.7
05-May-2017,300.25,304.9,292,295.95,299.555087,3366537,23019,1008463284,748179,22.22,12.9,-4.3
08-May-2017,296.25,300.4,294,298.65,298.3036961,815944,6929,243399111,185804,22.77,6.4,2.4
09-May-2017,300.35,301,295.3,296,296.7664844,1084844,5480,321945340,408717,37.68,5.7,-4.35
10-May-2017,297,298,293.1,294.6,295.3345123,820206,5304,242235139,143090,17.45,4.9,-2.4
11-May-2017,295.1,299.3,294.45,298,296.8785767,2155328,8616,639870709,1012773,46.99,4.85,2.9
12-May-2017,299.25,302.5,295.7,297.15,298.7239739,2386158,12245,712802600,945386,39.62,6.8,-2.1
15-May-2017,298,301.5,297.6,300.45,300.1734721,2157073,11847,647496092,1206966,55.95,3.9,2.45
16-May-2017,301.05,308.3,299.2,307,306.0224091,5871721,15646,1796878206,4611890,78.54,9.1,5.95
17-May-2017,308,308.6,305.45,307.65,307.160434,1106424,8945,339849676,316493,28.61,3.15,-0.35
18-May-2017,304.7,307.85,302.05,302.95,304.5467578,1046542,7046,318720973,294550,28.15,5.8,-1.75
19-May-2017,304.8,315,302.2,308.15,309.2620644,4801674,35993,1484975614,884524,18.42,12.8,3.35
22-May-2017,309,309.3,293.25,294.4,298.7626479,2278172,19280,680632699,686215,30.12,16.05,-14.6
23-May-2017,295,295.9,287,289.15,290.3337774,1478728,11729,429324686,330838,22.37,8.9,-5.85
24-May-2017,289.1,290.15,281.9,283.15,285.3297148,1371376,10711,391294323,352104,25.68,8.25,-5.95
25-May-2017,284.05,291,283.85,290,287.0962564,1024680,8320,294181792,229950,22.44,7.15,5.95
26-May-2017,290,290.75,285.3,288.45,287.8137939,1077478,7887,310113031,298688,27.72,5.45,-1.55
29-May-2017,288.15,290.8,283.75,284.4,286.94392,978317,6595,280722115,302999,30.97,7.05,-3.75
30-May-2017,283.9,289.45,281.15,288.8,286.8594479,699527,10655,200665929,157300,22.49,8.3,4.9
31-May-2017,289.4,291.25,287.45,288.55,289.3411681,601296,5820,173979687,149423,24.85,3.8,-0.85
01-June-2017,287.2,291.15,284.85,287.35,287.6808865,901626,7001,259380567,242515,26.9,6.3,0.15
02-June-2017,289.25,290.5,286.65,287.4,288.2535209,659567,5345,190122510,158665,24.06,3.85,-1.85
05-June-2017,288,289.6,287,287.35,288.0677439,541392,4371,155957572,141994,26.23,2.6,-0.65
06-June-2017,291,292.9,286.5,287.25,289.6806976,803082,6328,232637354,171886,21.4,6.4,-3.75
07-June-2017,288.05,291.45,287.25,290.75,289.4757646,816223,6178,236276777,205160,25.14,4.2,2.7
08-June-2017,292.3,292.3,288.1,288.8,289.0419098,575665,4044,166391311,141079,24.51,4.2,-3.5
09-June-2017,288.8,289.5,286,288.5,287.8601715,1461948,4919,420836602,976107,66.77,3.5,-0.3
12-June-2017,287,287,284.4,285.05,285.5516242,698974,4992,199593161,191194,27.35,2.6,-1.95
13-June-2017,286,287.1,283,283.8,284.4717214,834111,5234,237280992,385712,46.24,4.1,-2.2
14-June-2017,285.35,286.35,282.8,284.35,284.4952561,727888,5001,207080683,180353,24.78,3.55,-1
15-June-2017,284.5,285.75,281.55,284.05,284.1834074,1373156,7320,390228151,512067,37.29,4.2,-0.45
16-June-2017,284,286.65,283.35,285.85,285.0576931,1691416,7992,482151143,824203,48.73,3.3,1.85
19-June-2017,286.75,289.55,285.35,288.5,287.861274,632484,6455,182067650,260384,41.17,4.2,1.75
20-June-2017,287.8,291,285.7,290,289.2364333,1092198,6059,315903454,339427,31.08,5.3,2.2
21-June-2017,289.75,292.3,288.25,290.2,290.9803761,2160679,3971,628715188,1765804,81.72,4.05,0.45
22-June-2017,291.25,295.7,291.25,294.55,293.3446605,1380077,6953,404838219,677968,49.13,4.45,3.3
23-June-2017,294.65,295.3,287.8,288.85,290.5458637,765354,7834,222370439,192738,25.18,7.5,-5.8
27-June-2017,288.95,289.1,277,279.4,280.1316435,2496105,10863,699237996,380472,15.24,12.1,-9.55
28-June-2017,276.95,278.4,273.85,276.4,275.899709,1279218,9831,352935874,458690,35.86,4.55,-0.55
29-June-2017,276.55,279.2,271.6,272.55,275.3063297,999877,8173,275272467,399766,39.98,7.6,-4
30-June-2017,272.4,274.65,269.8,273.6,272.4887988,810714,6762,220910484,198416,24.47,4.85,1.2
03-July-2017,274,275.35,272.65,274.7,274.3525538,585573,5138,160653448,181240,30.95,2.7,0.7
04-July-2017,274.7,276.4,272.05,273,273.8460793,652050,4779,178561336,235516,36.12,4.35,-1.7
05-July-2017,274.45,275.65,272.4,275,274.4678629,693654,4455,190385731,243381,35.09,3.25,0.55
06-July-2017,275,282.75,274.5,280.9,280.6793782,1245617,10920,349619005,357117,28.67,8.25,5.9
07-July-2017,280.1,282.4,279.8,280.2,280.971661,540634,4053,151902833,129124,23.88,2.6,0.1
10-July-2017,280.7,287,280.5,285.55,285.0439617,3605684,26355,1027778452,1462169,40.55,6.5,4.85
11-July-2017,287.2,289.4,283.1,283.6,286.9409321,1142110,7589,327718108,359222,31.45,6.3,-3.6
12-July-2017,284.9,288,283.25,287.4,285.7533195,657243,4987,187809369,159124,24.21,4.75,2.5
13-July-2017,289,290,286.65,288.6,288.5426796,628310,4663,181294251,158708,25.26,3.35,-0.4
14-July-2017,289.6,293.6,287.2,291.6,291.2709813,1073967,7949,312815422,384325,35.79,6.4,2
17-July-2017,292.35,294,289.7,292.8,291.7148195,835299,7555,243669097,230595,27.61,4.3,0.45
18-July-2017,292,296.3,290,290.45,292.2502512,1709670,7302,499651487,970181,56.75,6.3,-1.55
19-July-2017,292.4,293.85,291,293.2,292.5977454,475035,5820,138994170,152311,32.06,2.85,0.8
20-July-2017,293.9,294,290,290.65,291.897182,473847,4911,138314604,126931,26.79,4,-3.25
21-July-2017,291,292.2,288.4,290.35,290.2465134,431149,3871,125139494,98463,22.84,3.8,-0.65
24-July-2017,290.85,296.2,290.65,294.45,294.155796,761990,6317,224143775,293666,38.54,5.55,3.6
25-July-2017,295.4,296.95,294.75,296.25,295.9894005,678333,5817,200779378,266603,39.3,2.2,0.85
26-July-2017,296.35,299.45,295.25,295.75,296.9360624,640953,5505,190322060,238083,37.15,4.2,-0.6
27-July-2017,296.95,299.7,296.35,298.3,297.7498129,1777378,7567,529213967,1200989,67.57,3.35,1.35
28-July-2017,295.5,300.5,295.5,299.2,298.6998364,757840,7071,226366684,271855,35.87,5,3.7
31-July-2017,299,313.9,298.1,312.55,309.2605884,3417051,27221,1056759203,1161996,34.01,15.8,13.55
01-August-2017,313.7,314.9,308.1,308.8,310.5870609,984460,8918,305760538,246055,24.99,6.8,-4.9
02-August-2017,310.2,311.7,305.4,307.65,308.8920958,1207423,11786,372963421,215487,17.85,6.3,-2.55
03-August-2017,307.4,307.4,299,300.75,302.1655407,988222,7504,298606635,279928,28.33,8.4,-6.65
04-August-2017,300,306.6,297.6,305.45,302.9404579,1050417,8513,318213807,266755,25.4,9,5.45
07-August-2017,305.5,311.9,305.45,311.1,309.1045868,998338,6680,308590855,305196,30.57,6.45,5.6
08-August-2017,311.9,312,301.4,303.85,305.0712609,1022553,7746,311951533,216552,21.18,10.6,-8.05
09-August-2017,303.65,307.45,300.2,302.2,304.5444766,933434,7194,284272169,188045,20.15,7.25,-1.45
10-August-2017,300.2,302.3,292,296.55,298.1921285,1069607,9527,318948388,288844,27,10.3,-3.65
11-August-2017,295.15,302.8,278.25,280.65,287.6688851,4249594,38550,1222475968,712061,16.76,24.55,-14.5
14-August-2017,282.1,283,276.1,278.05,279.2815975,1988533,18633,555360673,853995,42.95,6.9,-4.05
16-August-2017,279.95,283.6,274.2,282.9,278.7850924,1683686,16824,469386557,555318,32.98,9.4,2.95
17-August-2017,283.75,284.6,280.05,280.75,281.2409869,1722662,9652,484483161,370022,21.48,4.55,-3
18-August-2017,278,279.5,276,278.65,277.7047167,993368,8736,275862979,197293,19.86,3.5,0.65
21-August-2017,279,280.7,273.4,274.65,277.2561685,820214,7005,227409391,195401,23.82,7.3,-4.35
22-August-2017,277.75,277.75,271.35,274.1,273.7684355,1703452,8398,466351389,533606,31.32,6.4,-3.65
23-August-2017,274.5,279.35,274.5,278.75,277.0017463,673432,5044,186541840,133056,19.76,4.85,4.25
24-August-2017,280,281.35,277.6,280.45,279.4241858,863400,5706,241254842,207995,24.09,3.75,0.45
28-August-2017,282,282.9,279,279.3,280.0952968,1134477,10150,317761672,547193,48.23,3.9,-2.7
29-August-2017,278,280.75,276,276.7,278.3074706,988823,5859,275196828,345007,34.89,4.75,-1.3
30-August-2017,277.55,279.3,276,276.9,277.9396736,969642,4955,269501981,433911,44.75,3.3,-0.65
31-August-2017,276.95,279,274.3,277.35,276.1578781,700338,6026,193403856,,,4.7,0.4
01-September-2017,277.9,279.95,276.55,277.7,278.5048676,692851,6289,192962376,340023,49.08,3.4,-0.2
04-September-2017,278.5,279.5,276.2,277.8,277.8581763,582082,5712,161736243,221180,38,3.3,-0.7
05-September-2017,277.3,279.25,276.7,277.3,277.8773695,1118139,4832,310705524,288536,25.81,2.55,0
06-September-2017,275.3,277.2,273.5,274.2,275.4612313,1126023,6403,310175682,506441,44.98,3.7,-1.1
07-September-2017,276.9,276.9,273.5,274.5,275.2082155,1576319,9101,433815939,836603,53.07,3.4,-2.4
08-September-2017,275,275.6,271.25,271.95,272.7552502,1425901,8702,388921984,585770,41.08,4.35,-3.05
11-September-2017,272.95,273.7,269.65,270.85,270.6118462,1662833,9751,449982308,965849,58.08,4.05,-2.1
12-September-2017,271.45,275.45,270.55,273.5,273.6490742,677334,5572,185351822,295753,43.66,4.9,2.05
13-September-2017,275,276.5,272.75,273.35,275.2764616,969274,7084,266818317,446541,46.07,3.75,-1.65
14-September-2017,273.9,275.5,272.3,273.9,274.074484,557556,4473,152811873,194043,34.8,3.2,0
15-September-2017,271.45,274.3,270.8,272.05,272.3437646,759700,4334,206899558,324269,42.68,3.5,0.6
18-September-2017,272.25,274,269.5,270.15,271.473484,725902,8895,197063145,370969,51.1,4.5,-2.1
19-September-2017,270.45,271,266.55,267.8,268.1997676,956922,8034,256646258,443459,46.34,4.45,-2.65
20-September-2017,268,272,267.8,270.55,270.3588691,762200,5955,206067530,304495,39.95,4.2,2.55
21-September-2017,270,271.45,267.6,268.5,268.7929702,495890,4216,133291746,144275,29.09,3.85,-1.5
22-September-2017,267.05,267.45,261.2,261.9,263.6445196,966177,8438,254727271,421773,43.65,6.25,-5.15
25-September-2017,261.85,261.85,254.7,258.65,257.7824973,1013224,9566,261191413,374159,36.93,7.15,-3.2
26-September-2017,258,259.55,256.05,257.9,257.9364563,606968,11318,156559175,229442,37.8,3.5,-0.1
27-September-2017,260,260.1,248.8,250.45,252.8361361,1244978,12033,314775427,461306,37.05,11.3,-9.55
28-September-2017,251,253.6,249.55,252.8,252.0427396,714794,5626,180158638,214180,29.96,4.05,1.8
29-September-2017,254.3,255.6,253.1,253.75,254.3692257,429274,4368,109194095,140266,32.68,2.5,-0.55
03-October-2017,255.2,256.45,250.65,251.3,252.1261035,578057,6054,145743259,209005,36.16,5.8,-3.9
04-October-2017,251.15,254.7,251.15,253.35,252.7146574,616459,4756,155788225,197665,32.06,3.55,2.2
05-October-2017,253.3,253.95,249.25,251.35,250.9630475,686395,8628,172259781,270005,39.34,4.7,-1.95
06-October-2017,251.5,257.5,251.5,256.65,256.0563964,768915,5770,196885604,238119,30.97,6,5.15
09-October-2017,257,258.95,254.5,256.5,256.687238,463055,4711,118860309,121165,26.17,4.45,-0.5
10-October-2017,256.15,258.2,255.8,256.65,256.7277305,426008,3062,109368067,112068,26.31,2.4,0.5
11-October-2017,257.4,258.25,250.6,251.6,254.0535813,858527,6760,218111859,292740,34.1,7.65,-5.8
12-October-2017,252,253,249,251.6,250.5987994,1258500,6402,315378589,765194,60.8,4,-0.4
13-October-2017,251.6,255,250.3,252.45,253.1221157,508321,4325,128667287,122438,24.09,4.7,0.85
16-October-2017,253.1,255,250.35,252.25,252.1551364,610856,4705,154030478,167332,27.39,4.65,-0.85
17-October-2017,251.75,254.5,250.8,251.15,252.2480877,551700,4485,139165270,188989,34.26,3.7,-0.6
18-October-2017,246,247.95,242.5,244.2,245.2403833,1673032,9875,410295009,847858,50.68,5.45,-1.8
19-October-2017,244.8,245.4,241.25,242.5,243.49365,525437,5710,127940573,263735,50.19,4.15,-2.3
23-October-2017,243.2,246.75,242.6,245.75,244.8249059,504363,4936,123480624,139908,27.74,4.15,2.55
24-October-2017,246,255.35,246,254.5,251.9813751,1191897,8840,300335845,297397,24.95,9.35,8.5
25-October-2017,279.95,328,279.95,324.7,311.9680667,17296060,134735,5395818400,6176587,35.71,48.05,44.75
26-October-2017,327.95,351.5,317.25,320.65,330.6990454,7564371,63316,2501530269,1674206,22.13,34.25,-7.3
27-October-2017,320,323.4,310.15,310.95,315.8856381,2508221,18356,792310991,1018199,40.59,13.25,-9.05
30-October-2017,311.25,322.5,310.35,312.1,314.8194242,3422756,20347,1077550073,1656817,48.41,12.15,0.85
31-October-2017,312.2,313.8,304.4,305.8,307.6478474,1085058,10628,333815758,257170,23.7,9.4,-6.4
01-November-2017,309.75,321.45,309.2,319.8,316.978245,2542032,20301,805768842,861104,33.87,12.25,10.05
02-November-2017,320,323.25,314.05,314.95,317.4421668,1995075,13415,633320931,364236,18.26,9.2,-5.05
03-November-2017,315.5,326.9,312.45,325,319.4304148,2392476,17088,764229601,781719,32.67,14.45,9.5
06-November-2017,324.1,329.85,321.5,328.95,326.3853752,1691305,14895,552017217,483476,28.59,8.35,4.85
07-November-2017,329,331.8,315.6,317.2,323.0180426,1553044,12923,501661233,288805,18.6,16.2,-11.8
08-November-2017,318.6,319.4,307,309.75,313.544871,1249483,9612,391768986,457721,36.63,12.4,-8.85
09-November-2017,312.25,317.9,308.5,313.75,313.6007125,1906378,10872,597841499,662124,34.73,9.4,1.5
10-November-2017,315,338.15,309.6,333.2,326.1023502,7645816,54934,2493318567,903669,11.82,28.55,18.2
13-November-2017,335.1,344.6,329.9,331.2,337.8329017,7954401,24009,2687258371,500597,6.29,14.7,-3.9
14-November-2017,329,334.7,327.65,329.2,330.2455794,1415815,8909,467566645,300534,21.23,7.05,0.2
15-November-2017,327.95,330.85,322.15,325.2,326.9394879,1006179,8681,328959647,143371,14.25,8.7,-2.75
16-November-2017,325.6,334.05,323.7,333.45,329.8782019,1228155,9899,405141563,196344,15.99,10.35,7.85
17-November-2017,343.25,346.5,335.8,337.4,340.7167582,1921175,15692,654576518,458145,23.85,10.7,-5.85
20-November-2017,337.7,337.7,331.6,333.05,334.1282304,974379,6949,325567531,138543,14.22,6.1,-4.65
21-November-2017,334.8,335.4,330,330.75,332.2468092,914107,7057,303709134,235275,25.74,5.4,-4.05
22-November-2017,331,339.5,327.3,335.2,334.7467132,1643066,11267,550010943,181774,11.06,12.2,4.2
23-November-2017,336.05,336.9,331.95,334.9,334.417918,758211,5840,253559344,123830,16.33,4.95,-1.15
24-November-2017,336,336.8,331.5,332.25,334.4189595,754610,5600,252355891,187672,24.87,5.3,-3.75
27-November-2017,330,336.5,328.4,335.25,331.9321496,778581,7021,258436065,206107,26.47,8.1,5.25
28-November-2017,335.35,336.25,331.5,332.65,332.9338325,972320,5025,323718224,525637,54.06,4.75,-2.7
29-November-2017,334,334.7,327.65,328.8,331.4852888,493399,4129,163554510,112729,22.85,7.05,-5.2
30-November-2017,326.85,326.85,318.85,320.45,323.0913199,921322,7694,297671141,319306,34.66,8,-6.4
01-December-2017,321.55,322.5,311.4,312.55,317.5606193,1066080,7945,338545025,238690,22.39,11.1,-9
04-December-2017,315,317.4,311.3,313.3,313.4502959,607556,5190,190438608,146383,24.09,6.1,-1.7
05-December-2017,313,320.6,308.95,319.3,313.9448388,1516319,9337,476040524,617419,40.72,11.65,6.3
06-December-2017,317.7,317.7,311.45,312.25,314.3114968,956196,8768,300543396,236585,24.74,6.25,-5.45
07-December-2017,312.3,317.75,312.3,316.6,315.7566558,798630,5549,252172738,187825,23.52,5.45,4.3
08-December-2017,316.95,318.65,312.1,313.15,315.4888045,1236570,6623,390123991,609335,49.28,6.55,-3.8
11-December-2017,315.25,319.2,315.25,318.3,317.549589,654329,6771,207781905,170563,26.07,3.95,3.05
12-December-2017,317.95,320.3,314.9,318.4,317.6054583,758409,6760,240874838,155262,20.47,5.4,0.45
13-December-2017,318.4,318.9,311.3,313.25,316.1004876,709998,5779,224430714,201450,28.37,7.6,-5.15
14-December-2017,314.2,315.7,309.6,314.05,312.7525345,686423,6962,214680533,177573,25.87,6.1,-0.15
15-December-2017,317.8,319.3,312.1,312.75,315.4277263,632872,5454,199625376,152816,24.15,7.2,-5.05
18-December-2017,310.8,323.35,301,318.9,316.8882411,1701449,13041,539169181,229665,13.5,22.35,8.1
19-December-2017,319,322.15,318.2,319.45,319.9412203,562864,4687,180083395,97187,17.27,3.95,0.45
20-December-2017,318.2,319.65,316.5,317.25,317.6216922,412886,3512,131141550,76210,18.46,3.15,-0.95
21-December-2017,317.7,318.2,315.3,316.55,316.8683593,454168,3404,143911469,79607,17.53,2.9,-1.15
22-December-2017,317,323.8,316.55,319.85,320.753069,803103,6553,257597752,231418,28.82,7.25,2.85
26-December-2017,318.8,319.75,316.35,316.85,317.1683758,1178637,3909,373826383,687561,58.34,3.4,-1.95
27-December-2017,317,320.3,312.9,314.15,315.3682693,2192876,7054,691563509,1056165,48.16,7.4,-2.85
28-December-2017,314.6,316.5,307.3,308.3,311.9000853,3225342,10829,1005984445,2368684,73.44,9.2,-6.3
29-December-2017,309.3,311.95,309.1,309.5,310.1145879,2401083,6713,744610865,1180405,49.16,2.85,0.2
01-Jan-2018,310,312.75,306.5,307.05,309.0730923,1725476,5796,533298203,1124954,65.2,6.25,-2.95
02-Jan-2018,308.1,308.85,301.65,302.9,303.7232981,1188380,8900,360938693,466651,39.27,7.2,-5.2
03-Jan-2018,304.9,306.4,302.15,302.85,304.2381087,806325,6812,245314793,343681,42.62,4.25,-2.05
04-Jan-2018,304,309.9,303,308.05,307.7383349,2863595,11094,881237957,1648589,57.57,6.9,4.05
05-Jan-2018,311,311.8,305.6,306.2,307.0850596,1897329,7416,582641389,1129169,59.51,6.2,-4.8
08-Jan-2018,306.6,309.3,305,305.65,306.3527271,1043824,6178,319778329,585214,56.06,4.3,-0.95
09-Jan-2018,307,309.45,303.45,304.25,305.3106355,1620111,7012,494637119,856088,52.84,6,-2.75
10-Jan-2018,304.1,305.8,300,301.05,302.0418075,911368,8815,275271238,338862,37.18,5.8,-3.05
11-Jan-2018,301.5,303.05,300.1,302,301.9310581,746295,8727,225329639,302306,40.51,2.95,0.5
12-Jan-2018,304.25,304.8,300.6,301.8,302.4393477,624189,4787,188779314,197973,31.72,4.2,-2.45
15-Jan-2018,303.2,305.15,301.55,302.25,303.1353161,1013072,8468,307097901,398671,39.35,3.6,-0.95
16-Jan-2018,302,303.4,295.25,296.15,298.5331655,951637,7670,284095206,368659,38.74,8.15,-5.85
17-Jan-2018,295.2,308,292.65,306.35,300.5526521,4250423,13234,1277475905,2535862,59.66,15.35,11.15
18-Jan-2018,314.15,317.75,300.2,302.75,310.6645639,3848730,18595,1195664027,1519911,39.49,17.55,-11.4
19-Jan-2018,302.75,309.8,302.45,309.05,306.903686,2100878,10399,644767202,1086697,51.73,7.35,6.3
22-Jan-2018,309.4,309.4,304,306.25,306.3433506,1371793,6051,420239664,727811,53.06,5.4,-3.15
23-Jan-2018,306.25,319.95,306.25,318,315.0633671,2680572,18555,844550040,1242596,46.36,13.7,11.75
24-Jan-2018,317.8,330.6,316.1,329.5,324.0279156,4061533,26140,1316050072,1268374,31.23,14.5,11.7
25-Jan-2018,333,334.8,312,313.15,318.276468,2511198,19114,799255230,587236,23.38,22.8,-19.85
29-Jan-2018,313.8,318,310,311.1,312.6938241,1897912,12641,593465361,761651,40.13,8,-2.7
30-Jan-2018,311.05,318.75,310.8,312.85,314.5718302,1516354,9902,477002253,446749,29.46,7.95,1.8
31-Jan-2018,313,316.45,307.65,312.75,311.3797487,1593330,9634,496130695,619306,38.87,8.8,-0.25
01-Feb-2018,316.05,317.45,304.5,305.55,310.2101393,2992953,16984,928444367,797072,26.63,12.95,-10.5
02-Feb-2018,302,305.4,295.05,296.9,300.0674422,1746741,14663,524140104,531984,30.46,10.35,-5.1
05-Feb-2018,292.7,300,289.8,297.7,295.0792816,1100646,9262,324777831,195565,17.77,10.2,5
06-Feb-2018,286,297.05,283.1,291.5,287.2918939,7376854,16778,2119310357,5612241,76.08,13.95,5.5
07-Feb-2018,295.6,297.95,290.1,292.75,293.2963362,1658643,10069,486473915,218492,13.17,7.85,-2.85
08-Feb-2018,293,308.05,292.15,301.45,298.8949086,1575362,9778,470867681,337390,21.42,15.9,8.45
09-Feb-2018,297.95,300.55,295.05,296.4,297.7644304,1480654,11369,440886095,328317,22.17,5.5,-1.55
12-Feb-2018,288,292.4,285,288.5,289.1597883,2614328,21726,755958531,642095,24.56,7.4,0.5
14-Feb-2018,289,289.4,275.8,276.8,280.8417717,4035985,25801,1133473178,1642615,40.7,13.6,-12.2
15-Feb-2018,275,282,274.45,278.85,279.2790323,2897772,16577,809286960,971654,33.53,7.55,3.85
16-Feb-2018,280.05,281.2,270,271.75,273.5753751,3887817,16314,1063610994,2324787,59.8,11.2,-8.3
19-Feb-2018,271.2,271.75,256.6,267.65,262.8907249,3120693,22956,820401245,894204,28.65,15.15,-3.55
20-Feb-2018,268.2,273.95,264.75,269.65,269.9026157,3655220,14559,986553439,1470820,40.24,9.2,1.45
21-Feb-2018,272,274,267.3,273.1,271.3576282,2068366,12916,561266892,753663,36.44,6.7,1.1
22-Feb-2018,271.6,273.5,269.25,272.6,272.2831702,1232294,7750,335532917,419397,34.03,4.25,1
23-Feb-2018,273.05,277.35,272.7,276.1,275.8945225,1803816,9220,497662954,858976,47.62,4.65,3.05
26-Feb-2018,280,280.4,273.75,274.75,275.7413645,1976330,9379,544955931,1069308,54.11,6.65,-5.25
27-Feb-2018,273.95,275.85,266.1,267.8,269.0840327,2343314,13061,630548381,1131926,48.3,9.75,-6.15
28-Feb-2018,264.8,270.4,260.9,268.75,266.9165714,3090656,15604,824947303,1276064,41.29,9.5,3.95
01-March-2018,266.8,270,261.3,262.55,264.4804743,3299546,25431,872665491,1546499,46.87,8.7,-4.25
05-March-2018,260.8,268,258.75,263.8,262.7409871,1259416,8924,330900203,312133,24.78,9.25,3
06-March-2018,266,266.1,255,256.5,261.4345893,1478458,13163,386520060,552316,37.36,11.1,-9.5
07-March-2018,255.95,255.95,246,246.65,248.7045117,2370683,14479,589599558,1142292,48.18,9.95,-9.3
08-March-2018,247,257.5,244.4,256.75,251.6597298,1871880,14220,471076815,337373,18.02,13.1,9.75
09-March-2018,257.05,257.55,251.9,253.15,253.9026579,970104,7431,246311984,143334,14.78,5.65,-3.9
12-March-2018,254,255,247.4,252.85,250.641123,1189923,9886,298243637,348792,29.31,7.6,-1.15
13-March-2018,251.85,262.4,250,254.9,256.9572906,2170015,14519,557601175,336322,15.5,12.4,3.05
14-March-2018,252.05,257.6,250,257,254.0000304,1416650,9682,359829143,137968,9.74,7.6,4.95
15-March-2018,257.9,258.85,253.1,254.1,255.8539766,847186,6827,216755907,178696,21.09,5.75,-3.8
16-March-2018,253,255.6,250.5,252.6,253.2103801,1834475,13379,464508112,757155,41.27,5.1,-0.4
19-March-2018,253,253.8,246.1,248.1,248.898573,1074901,8707,267541325,269401,25.06,7.7,-4.9
20-March-2018,247,252.3,245.45,249.25,249.6173005,1135716,7562,283494362,257092,22.64,6.85,2.25
21-March-2018,251,254,247.2,247.7,250.80002,1581298,8213,396589570,598699,37.86,6.8,-3.3
22-March-2018,246.9,247.2,241,241.6,243.6139297,2448373,14205,596457768,874068,35.7,6.2,-5.3
23-March-2018,238.6,238.6,232.5,234.6,234.7603047,1993347,13791,467958749,673156,33.77,6.1,-4
26-March-2018,235,247.5,234.45,246.35,242.9816351,3101683,14649,753652007,1526210,49.21,13.05,11.35
27-March-2018,250.7,255.2,248.2,253.85,251.2389883,2726226,12231,684934262,1323253,48.54,7,3.15
28-March-2018,252.4,255.9,249.15,250.1,252.170884,1095310,9363,276205291,226861,20.71,6.75,-2.3
02-April-2018,251,251.95,245.15,246.3,247.2616275,819715,6465,202684065,181990,22.2,6.8,-4.7
03-April-2018,249.8,253,248.25,250.35,251.3085132,2233250,11768,561234737,1166127,52.22,4.75,0.55
04-April-2018,251,253,245.6,246.9,249.5002478,915994,6969,228540730,195872,21.38,7.4,-4.1
05-April-2018,251.2,261.6,250,258.4,255.4101761,1541677,12242,393759994,289557,18.78,11.6,7.2
06-April-2018,260,261.15,255,259.8,258.559315,3233693,10552,836101447,1886767,58.35,6.15,-0.2
09-April-2018,261.2,262.75,257.8,260.55,261.0226535,1675768,8400,437413410,579956,34.61,4.95,-0.65
10-April-2018,260.65,265.25,258.5,263.25,262.2135084,4251599,10672,1114826690,2801602,65.9,6.75,2.6
11-April-2018,263.25,263.25,256.5,257.3,258.4160438,858460,5882,221839837,199973,23.29,6.75,-5.95
12-April-2018,257,257.4,252.7,254.3,254.5194192,779024,6196,198276736,137161,17.61,4.7,-2.7
13-April-2018,254.05,256.05,250.15,251.2,252.6370333,1005847,7764,254114202,193955,19.28,5.9,-2.85
16-April-2018,249,251.5,247.5,249.3,249.3240418,582678,4992,145275634,125993,21.62,4,0.3
17-April-2018,251.5,252.55,246.8,248.2,249.32649,857524,6026,213803449,172222,20.08,5.75,-3.3
18-April-2018,249,250,245.4,246.25,247.598127,844431,5987,209079534,207857,24.62,4.6,-2.75
19-April-2018,247.9,248.2,245.2,246.25,246.6273247,706446,6021,174228887,186180,26.35,3,-1.65
20-April-2018,245.5,245.55,239.5,241.4,241.612136,1176085,14885,284156409,379499,32.27,6.05,-4.1
23-April-2018,242.5,244.85,239.25,242.7,243.0565397,2604328,8495,632998952,1622292,62.29,5.6,0.2
24-April-2018,242,243.5,239.5,240.6,241.2792756,636887,5059,153667634,184048,28.9,4,-1.4
25-April-2018,240.5,240.7,237,237.4,238.8703655,696728,6274,166427672,200968,28.84,3.7,-3.1
26-April-2018,238.1,238.75,232.6,233.35,235.2572678,851875,8398,200409785,355867,41.77,6.15,-4.75
27-April-2018,232,245.75,232,242.65,242.0087433,1733902,13744,419619444,392944,22.66,13.75,10.65
30-April-2018,245,249.5,244.8,246.3,246.9904245,961621,7457,237511179,147075,15.29,4.7,1.3
02-May-2018,246.4,246.4,239.75,240.65,242.1342545,638079,6516,154500783,187404,29.37,6.65,-5.75
03-May-2018,240.05,243.4,238.8,241.8,241.368478,741317,5097,178930556,122368,16.51,4.6,1.75
04-May-2018,243,243.85,240.65,241.95,242.0224968,1905471,5090,461166849,1368434,71.82,3.2,-1.05
